,APANAS,ASTURIAS,HIDROPANTASMA,VIRGEN,HORA,Date
0,955.82,928.74,843.16,440,0,1/11/2013
1,955.83,928.75,843.15,440,1,1/11/2013
2,955.83,928.76,843.14,440,2,1/11/2013
3,955.83,928.77,843.13,440,3,1/11/2013
4,955.83,928.77,843.12,440,4,1/11/2013
5,955.83,928.77,843.11,440,5,1/11/2013
6,955.84,928.77,843.1,440,6,1/11/2013
7,955.84,928.77,843.1,440,7,1/11/2013
8,955.84,928.77,843.1,440,8,1/11/2013
9,955.84,928.77,843.09,440,9,1/11/2013
10,955.84,928.77,843.09,440,10,1/11/2013
11,955.84,928.77,843.08,440,11,1/11/2013
12,955.84,928.77,843.08,440,12,1/11/2013
13,955.84,928.77,843.08,440,13,1/11/2013
14,955.84,928.77,843.07,440,14,1/11/2013
15,955.84,928.77,843.07,440,15,1/11/2013
16,955.84,928.77,843.07,440,16,1/11/2013
17,955.84,928.77,843.07,440,17,1/11/2013
18,955.84,928.77,843.06,440,18,1/11/2013
19,955.85,928.77,843.06,440,19,1/11/2013
20,955.85,928.77,843.05,440,20,1/11/2013
21,955.86,928.77,843.05,440,21,1/11/2013
22,955.86,928.77,843.04,440,22,1/11/2013
23,955.86,928.77,843.04,440,23,1/11/2013
24,955.86,928.77,843.04,440,0,2/11/2013
25,955.86,928.75,843.04,440,1,2/11/2013
26,955.86,928.74,843.03,440,2,2/11/2013
27,955.86,928.73,843.03,440,3,2/11/2013
28,955.86,928.72,843.03,440,4,2/11/2013
29,955.86,928.7,843.03,440,5,2/11/2013
30,955.86,928.69,843.02,440,6,2/11/2013
31,955.86,928.69,843.02,440,7,2/11/2013
32,955.86,928.67,843.02,440,8,2/11/2013
33,955.86,928.64,843.01,440,9,2/11/2013
34,955.86,928.63,843.01,440,10,2/11/2013
35,955.86,928.62,843,440,11,2/11/2013
36,955.86,928.61,843,440,12,2/11/2013
37,955.86,928.59,843,440,13,2/11/2013
38,955.86,928.58,842.99,440,14,2/11/2013
39,955.86,928.57,842.98,440,15,2/11/2013
40,955.86,928.56,842.97,440,16,2/11/2013
41,955.87,928.56,842.97,439.99,17,2/11/2013
42,955.87,928.56,842.96,439.98,18,2/11/2013
43,955.88,928.57,842.95,439.97,19,2/11/2013
44,955.88,928.57,842.95,439.96,20,2/11/2013
45,955.88,928.57,842.94,439.96,21,2/11/2013
46,955.88,928.57,842.93,439.95,22,2/11/2013
47,955.88,928.57,842.92,439.94,23,2/11/2013
48,955.89,928.57,842.91,439.93,0,3/11/2013
49,955.89,928.56,842.9,439.93,1,3/11/2013
50,955.89,928.55,842.89,439.93,2,3/11/2013
51,955.89,928.54,842.88,439.93,3,3/11/2013
52,955.89,928.53,842.87,439.94,4,3/11/2013
53,955.89,928.52,842.86,439.95,5,3/11/2013
54,955.89,928.51,842.85,439.96,6,3/11/2013
55,955.89,928.5,842.84,439.96,7,3/11/2013
56,955.89,928.5,842.82,439.96,8,3/11/2013
57,955.89,928.5,842.8,439.96,9,3/11/2013
58,955.89,928.47,842.8,439.97,10,3/11/2013
59,955.89,928.46,842.78,439.96,11,3/11/2013
60,955.89,928.45,842.77,439.96,12,3/11/2013
61,955.89,928.44,842.76,439.95,13,3/11/2013
62,955.89,928.43,842.75,439.95,14,3/11/2013
63,955.89,928.42,842.73,439.95,15,3/11/2013
64,955.89,928.41,842.71,439.94,16,3/11/2013
65,955.89,928.4,842.7,439.93,17,3/11/2013
66,955.89,928.4,842.69,439.92,18,3/11/2013
67,955.89,928.41,842.67,439.91,19,3/11/2013
68,955.9,928.42,842.65,439.9,20,3/11/2013
69,955.9,928.42,842.63,439.89,21,3/11/2013
70,955.9,928.42,842.61,439.89,22,3/11/2013
71,955.9,928.42,842.59,439.89,23,3/11/2013
72,955.9,928.42,842.58,439.89,0,4/11/2013
73,955.9,928.41,842.56,439.9,1,4/11/2013
74,955.9,928.44,842.55,439.92,2,4/11/2013
75,955.9,928.39,842.53,439.93,3,4/11/2013
76,955.9,928.38,842.51,439.95,4,4/11/2013
77,955.9,928.37,842.5,439.96,5,4/11/2013
78,955.9,928.36,842.48,439.96,6,4/11/2013
79,955.9,928.35,842.46,439.95,7,4/11/2013
80,955.9,928.35,842.44,439.95,8,4/11/2013
81,955.9,928.35,842.42,439.95,9,4/11/2013
82,955.9,928.35,842.4,439.95,10,4/11/2013
83,955.9,928.35,842.38,439.94,11,4/11/2013
84,955.9,928.36,842.36,439.94,12,4/11/2013
85,955.9,928.36,842.34,439.93,13,4/11/2013
86,955.9,928.36,842.32,439.92,14,4/11/2013
87,955.9,928.36,842.3,439.9,15,4/11/2013
88,955.9,928.37,842.27,439.89,16,4/11/2013
89,955.9,928.37,842.25,439.89,17,4/11/2013
90,955.9,928.38,842.21,439.88,18,4/11/2013
91,955.9,928.38,842.18,439.87,19,4/11/2013
92,955.9,928.39,842.18,439.87,20,4/11/2013
93,955.9,928.39,842.16,439.85,21,4/11/2013
94,955.9,928.39,842.13,439.85,22,4/11/2013
95,955.9,928.38,842.1,439.85,23,4/11/2013
96,955.9,928.37,842.08,439.86,0,5/11/2013
97,955.9,928.36,842.06,439.87,1,5/11/2013
98,955.9,928.35,842.03,439.9,2,5/11/2013
99,955.9,928.34,842,439.9,3,5/11/2013
100,955.9,928.33,842,439.92,4,5/11/2013
101,955.9,928.32,841.99,439.92,5,5/11/2013
102,955.9,928.31,841.98,439.93,6,5/11/2013
103,955.9,928.3,841.98,439.94,7,5/11/2013
104,955.9,928.29,841.97,439.94,8,5/11/2013
105,955.9,928.29,841.96,439.93,9,5/11/2013
106,955.91,928.3,841.95,439.92,10,5/11/2013
107,955.91,928.3,841.95,439.91,11,5/11/2013
108,955.91,928.31,841.95,439.89,12,5/11/2013
109,955.91,928.31,841.94,439.87,13,5/11/2013
110,955.91,928.31,841.93,439.85,14,5/11/2013
111,955.91,928.31,841.92,439.84,15,5/11/2013
112,955.91,928.31,841.92,439.83,16,5/11/2013
113,955.91,928.31,841.91,439.81,17,5/11/2013
114,955.91,928.31,841.9,439.79,18,5/11/2013
115,955.91,928.33,841.88,439.77,19,5/11/2013
116,955.91,928.33,841.87,439.75,20,5/11/2013
117,955.91,928.33,841.86,439.73,21,5/11/2013
118,955.91,928.33,841.85,439.71,22,5/11/2013
119,955.91,928.33,841.84,439.72,23,5/11/2013
120,955.91,928.33,841.83,439.73,0,6/11/2013
121,955.91,928.33,841.82,439.74,1,6/11/2013
122,955.91,928.32,841.8,439.75,2,6/11/2013
123,955.91,928.32,841.8,439.76,3,6/11/2013
124,955.91,928.31,841.78,439.78,4,6/11/2013
125,955.91,928.3,841.77,439.8,5,6/11/2013
126,955.91,928.29,841.76,439.81,6,6/11/2013
127,955.91,928.28,841.74,439.82,7,6/11/2013
128,955.91,928.28,841.73,439.82,8,6/11/2013
129,955.91,928.28,841.72,439.82,9,6/11/2013
130,955.91,928.28,841.7,439.82,10,6/11/2013
131,955.91,928.28,841.69,439.81,11,6/11/2013
132,955.91,928.28,841.68,439.8,12,6/11/2013
133,955.91,928.28,841.67,439.79,13,6/11/2013
134,955.91,928.28,841.66,439.78,14,6/11/2013
135,955.91,928.28,841.64,439.77,15,6/11/2013
136,955.91,928.28,841.62,439.78,16,6/11/2013
137,955.91,928.28,841.61,439.78,17,6/11/2013
138,955.91,928.28,841.59,439.77,18,6/11/2013
139,955.91,928.28,841.58,439.75,19,6/11/2013
140,955.91,928.28,841.56,439.74,20,6/11/2013
141,955.91,928.28,841.55,439.76,21,6/11/2013
142,955.91,928.28,841.53,439.77,22,6/11/2013
143,955.91,928.28,841.52,439.79,23,6/11/2013
144,955.91,928.28,841.5,439.8,0,7/11/2013
145,955.91,928.27,841.49,439.81,1,7/11/2013
146,955.91,928.27,841.5,439.82,2,7/11/2013
147,955.91,928.26,841.5,439.84,3,7/11/2013
148,955.91,928.25,841.52,439.86,4,7/11/2013
149,955.91,928.24,841.52,439.88,5,7/11/2013
150,955.91,928.24,841.54,439.91,6,7/11/2013
151,955.91,928.24,841.55,439.93,7,7/11/2013
152,955.91,928.24,841.55,439.93,8,7/11/2013
153,955.91,928.24,841.55,439.93,9,7/11/2013
154,955.91,928.24,841.56,439.92,10,7/11/2013
155,955.91,928.24,841.56,439.92,11,7/11/2013
156,955.91,928.24,841.58,439.91,12,7/11/2013
157,955.91,928.24,841.59,439.91,13,7/11/2013
158,955.91,928.24,841.6,439.91,14,7/11/2013
159,955.91,928.24,841.61,439.91,15,7/11/2013
160,955.91,928.24,841.61,439.9,16,7/11/2013
161,955.91,928.25,841.62,439.89,17,7/11/2013
162,955.91,928.25,841.63,439.88,18,7/11/2013
163,955.91,928.25,841.64,439.88,19,7/11/2013
164,955.91,928.26,841.66,439.87,20,7/11/2013
165,955.91,928.26,841.67,439.87,21,7/11/2013
166,955.91,928.26,841.67,439.87,22,7/11/2013
167,955.91,928.26,841.67,439.87,23,7/11/2013
168,955.91,928.25,841.68,439.86,0,8/11/2013
169,955.91,928.24,841.68,439.88,1,8/11/2013
170,955.91,928.23,841.69,439.88,2,8/11/2013
171,955.91,928.22,841.7,439.89,3,8/11/2013
172,955.91,928.21,841.7,439.91,4,8/11/2013
173,955.91,928.2,841.71,439.92,5,8/11/2013
174,955.91,928.19,841.71,439.93,6,8/11/2013
175,955.91,928.19,841.73,439.93,7,8/11/2013
176,955.91,928.19,841.73,439.93,8,8/11/2013
177,955.91,928.19,841.73,439.93,9,8/11/2013
178,955.91,928.2,841.74,439.92,10,8/11/2013
179,955.91,928.2,841.74,439.91,11,8/11/2013
180,955.91,928.2,841.75,439.9,12,8/11/2013
181,955.91,928.2,841.76,439.9,13,8/11/2013
182,955.91,928.2,841.76,439.89,14,8/11/2013
183,955.9,928.21,841.76,439.89,15,8/11/2013
184,955.9,928.21,841.76,439.88,16,8/11/2013
185,955.9,928.22,841.77,439.86,17,8/11/2013
186,955.9,928.24,841.78,439.88,18,8/11/2013
187,955.9,928.26,841.78,439.9,19,8/11/2013
188,955.9,928.28,841.8,439.91,20,8/11/2013
189,955.9,928.3,841.82,439.91,21,8/11/2013
190,955.9,928.32,841.85,439.91,22,8/11/2013
191,955.9,928.32,841.88,439.91,23,8/11/2013
192,955.9,928.31,841.91,439.91,0,9/11/2013
193,955.9,928.31,841.92,439.91,1,9/11/2013
194,955.9,928.3,841.92,439.93,2,9/11/2013
195,955.9,928.29,841.9,439.93,3,9/11/2013
196,955.9,928.28,841.89,439.93,4,9/11/2013
197,955.9,928.27,841.88,439.92,5,9/11/2013
198,955.9,928.26,841.87,439.92,6,9/11/2013
199,955.9,928.26,841.88,439.91,7,9/11/2013
200,955.9,928.26,841.88,439.91,8,9/11/2013
201,955.91,928.25,841.89,439.91,9,9/11/2013
202,955.91,928.25,841.91,439.91,10,9/11/2013
203,955.91,928.24,841.91,439.91,11,9/11/2013
204,955.92,928.23,841.9,439.9,12,9/11/2013
205,955.92,928.23,841.89,439.9,13,9/11/2013
206,955.92,928.22,841.89,439.9,14,9/11/2013
207,955.92,928.22,841.89,439.89,15,9/11/2013
208,955.92,928.22,841.88,439.89,16,9/11/2013
209,955.92,928.22,841.88,439.89,17,9/11/2013
210,955.92,928.2,841.92,439.88,18,9/11/2013
211,955.93,928.23,841.92,439.88,19,9/11/2013
212,955.93,928.23,841.93,439.88,20,9/11/2013
213,955.94,928.24,841.93,439.88,21,9/11/2013
214,955.94,928.24,841.93,439.88,22,9/11/2013
215,955.94,928.24,841.92,439.88,23,9/11/2013
216,955.95,928.24,841.92,439.87,0,10/11/2013
217,955.95,928.24,841.92,439.86,1,10/11/2013
218,955.95,928.24,841.91,439.86,2,10/11/2013
219,955.95,928.24,841.91,439.87,3,10/11/2013
220,955.95,928.24,841.92,439.89,4,10/11/2013
221,955.95,928.24,841.93,439.9,5,10/11/2013
222,955.95,928.24,841.94,439.95,6,10/11/2013
223,955.95,928.24,841.95,439.97,7,10/11/2013
224,955.95,928.24,841.95,439.98,8,10/11/2013
225,955.96,928.24,841.95,439.98,9,10/11/2013
226,955.96,928.24,841.94,439.97,10,10/11/2013
227,955.96,928.23,841.94,439.96,11,10/11/2013
228,955.96,928.22,841.94,439.95,12,10/11/2013
229,955.96,928.21,841.93,439.94,13,10/11/2013
230,955.96,928.2,841.92,439.93,14,10/11/2013
231,955.96,928.19,841.92,439.93,15,10/11/2013
232,955.96,928.18,841.94,439.93,16,10/11/2013
233,955.96,928.17,841.93,439.92,17,10/11/2013
234,955.96,928.16,841.97,439.91,18,10/11/2013
235,955.96,928.16,842,439.89,19,10/11/2013
236,955.96,928.16,842,439.88,20,10/11/2013
237,955.96,928.15,842,439.88,21,10/11/2013
238,955.96,928.14,842,439.88,22,10/11/2013
239,955.96,928.13,842,439.89,23,10/11/2013
240,955.96,928.12,842,439.89,0,11/11/2013
241,955.96,928.11,842,439.9,1,11/11/2013
242,955.96,928.1,842,439.91,2,11/11/2013
243,955.96,928.1,842,439.93,3,11/11/2013
244,955.96,928.09,842.01,439.95,4,11/11/2013
245,955.96,928.09,842.02,439.98,5,11/11/2013
246,955.97,928.09,842.02,440,6,11/11/2013
247,955.97,928.1,842.04,439.99,7,11/11/2013
248,955.97,928.1,842.04,439.99,8,11/11/2013
249,955.97,928.1,842.04,439.97,9,11/11/2013
250,955.97,928.1,842.05,439.97,10,11/11/2013
251,955.97,928.11,842.05,439.95,11,11/11/2013
252,955.97,928.11,842.05,439.94,12,11/11/2013
253,955.97,928.11,842.05,439.93,13,11/11/2013
254,955.97,928.11,842.05,439.91,14,11/11/2013
255,955.97,928.12,842.05,439.9,15,11/11/2013
256,955.97,928.13,842.05,439.88,16,11/11/2013
257,955.97,928.13,842.05,439.87,17,11/11/2013
258,955.97,928.14,842.05,439.86,18,11/11/2013
259,955.97,928.15,842.05,439.86,19,11/11/2013
260,955.97,928.15,842.05,439.85,20,11/11/2013
261,955.97,928.15,842.06,439.85,21,11/11/2013
262,955.98,928.15,842.07,439.84,22,11/11/2013
263,955.98,928.15,842.09,439.84,23,11/11/2013
264,955.98,928.15,842.09,439.86,0,12/11/2013
265,955.98,928.15,842.1,439.87,1,12/11/2013
266,955.98,928.15,842.1,439.87,2,12/11/2013
267,955.98,928.15,842.1,439.87,3,12/11/2013
268,955.98,928.15,842.1,439.88,4,12/11/2013
269,955.98,928.15,842.1,439.89,5,12/11/2013
270,955.98,928.17,842.1,439.88,6,12/11/2013
271,955.98,928.18,842.1,439.87,7,12/11/2013
272,955.98,928.18,842.1,439.87,8,12/11/2013
273,955.98,928.18,842.1,439.86,9,12/11/2013
274,955.98,928.19,842.09,439.86,10,12/11/2013
275,955.98,928.21,842.08,439.86,11,12/11/2013
276,955.98,928.21,842.08,439.86,12,12/11/2013
277,955.98,928.21,842.07,439.85,13,12/11/2013
278,955.98,928.21,842.06,439.83,14,12/11/2013
279,955.98,928.21,842.05,439.83,15,12/11/2013
280,955.98,928.21,842.04,439.82,16,12/11/2013
281,955.98,928.21,842.04,439.83,17,12/11/2013
282,955.98,928.22,842.02,439.83,18,12/11/2013
283,955.98,928.22,842,439.83,19,12/11/2013
284,955.98,928.22,841.98,439.83,20,12/11/2013
285,955.98,928.23,841.97,439.83,21,12/11/2013
286,955.98,928.23,841.98,439.83,22,12/11/2013
287,955.98,928.22,841.95,439.83,23,12/11/2013
288,955.98,928.21,841.93,439.83,0,13/11/2013
289,955.98,928.21,841.93,439.84,1,13/11/2013
290,955.98,928.21,841.92,439.86,2,13/11/2013
291,955.98,928.2,841.9,439.87,3,13/11/2013
292,955.98,928.19,841.9,439.87,4,13/11/2013
293,955.98,928.18,841.88,439.88,5,13/11/2013
294,955.98,928.17,841.86,439.88,6,13/11/2013
295,955.98,928.17,841.84,439.88,7,13/11/2013
296,955.98,928.17,841.82,439.88,8,13/11/2013
297,955.98,928.17,841.8,439.88,9,13/11/2013
298,955.98,928.18,841.8,439.87,10,13/11/2013
299,955.98,928.18,841.8,439.87,11,13/11/2013
300,955.98,928.18,841.8,439.86,12,13/11/2013
301,955.98,928.18,841.8,439.85,13,13/11/2013
302,955.97,928.19,841.8,439.84,14,13/11/2013
303,955.97,928.19,841.8,439.84,15,13/11/2013
304,955.97,928.19,841.8,439.84,16,13/11/2013
305,955.97,928.19,841.8,439.84,17,13/11/2013
306,955.97,928.2,841.8,439.84,18,13/11/2013
307,955.97,928.21,841.82,439.83,19,13/11/2013
308,955.97,928.22,841.84,439.83,20,13/11/2013
309,955.97,928.23,841.86,439.83,21,13/11/2013
310,955.97,928.23,841.85,439.83,22,13/11/2013
311,955.97,928.25,841.84,439.84,23,13/11/2013
312,955.97,928.25,841.82,439.84,0,14/11/2013
313,955.97,928.25,841.81,439.84,1,14/11/2013
314,955.97,928.25,841.8,439.85,2,14/11/2013
315,955.97,928.25,841.79,439.86,3,14/11/2013
316,955.97,928.25,841.79,439.87,4,14/11/2013
317,955.97,928.25,841.79,439.88,5,14/11/2013
318,955.97,928.25,841.79,439.89,6,14/11/2013
319,955.97,928.25,841.79,439.89,7,14/11/2013
320,955.97,928.25,841.79,439.89,8,14/11/2013
321,955.97,928.25,841.79,439.89,9,14/11/2013
322,955.97,928.25,841.79,439.88,10,14/11/2013
323,955.97,928.25,841.79,439.87,11,14/11/2013
324,955.97,928.26,841.79,439.86,12,14/11/2013
325,955.97,928.26,841.8,439.85,13,14/11/2013
326,955.97,928.26,841.8,439.84,14,14/11/2013
327,955.97,928.27,841.8,439.83,15,14/11/2013
328,955.97,928.28,841.8,439.81,16,14/11/2013
329,955.97,928.3,841.8,439.81,17,14/11/2013
330,955.97,928.3,841.8,439.81,18,14/11/2013
331,955.97,928.3,841.8,439.81,19,14/11/2013
332,955.97,928.3,841.8,439.81,20,14/11/2013
333,955.97,928.31,841.8,439.81,21,14/11/2013
334,955.97,928.31,841.8,439.81,22,14/11/2013
335,955.97,928.31,841.8,439.81,23,14/11/2013
336,955.97,928.31,841.8,439.81,0,15/11/2013
337,955.97,928.31,841.79,439.81,1,15/11/2013
338,955.97,928.31,841.79,439.81,2,15/11/2013
339,955.97,928.3,841.78,439.82,3,15/11/2013
340,955.97,928.29,841.77,439.83,4,15/11/2013
341,955.97,928.28,841.77,439.83,5,15/11/2013
342,955.97,928.28,841.76,439.83,6,15/11/2013
343,955.97,928.28,841.76,439.85,7,15/11/2013
344,955.97,928.29,841.75,439.86,8,15/11/2013
345,955.97,928.29,841.74,439.87,9,15/11/2013
346,955.97,928.29,841.74,439.87,10,15/11/2013
347,955.97,928.29,841.73,439.86,11,15/11/2013
348,955.97,928.29,841.73,439.86,12,15/11/2013
349,955.97,928.3,841.73,439.86,13,15/11/2013
350,955.97,928.3,841.72,439.86,14,15/11/2013
351,955.97,928.3,841.73,439.86,15,15/11/2013
352,955.97,928.31,841.75,439.86,16,15/11/2013
353,955.97,928.32,841.83,439.86,17,15/11/2013
354,955.97,928.34,841.83,439.86,18,15/11/2013
355,955.97,928.36,841.89,439.86,19,15/11/2013
356,955.97,928.36,841.91,439.87,20,15/11/2013
357,955.97,928.36,841.93,439.87,21,15/11/2013
358,955.97,928.38,841.95,439.87,22,15/11/2013
359,955.97,928.38,841.97,439.86,23,15/11/2013
360,955.97,928.38,841.99,439.85,0,16/11/2013
361,955.97,928.38,842,439.86,1,16/11/2013
362,955.97,928.38,842,439.86,2,16/11/2013
363,955.97,928.37,842,439.86,3,16/11/2013
364,955.97,928.36,842,439.87,4,16/11/2013
365,955.97,928.35,842,439.87,5,16/11/2013
366,955.97,928.35,841.98,439.87,6,16/11/2013
367,955.97,928.34,841.96,439.87,7,16/11/2013
368,955.97,928.33,841.95,439.87,8,16/11/2013
369,955.97,928.32,841.94,439.86,9,16/11/2013
370,955.97,928.31,841.92,439.85,10,16/11/2013
371,955.97,928.31,841.9,439.84,11,16/11/2013
372,955.97,928.31,841.89,439.83,12,16/11/2013
373,955.97,928.3,841.88,439.82,13,16/11/2013
374,955.97,928.3,841.87,439.82,14,16/11/2013
375,955.97,928.29,841.84,439.83,15,16/11/2013
376,955.97,928.29,841.82,439.82,16,16/11/2013
377,955.97,928.28,841.8,439.82,17,16/11/2013
378,955.97,928.28,841.8,439.82,18,16/11/2013
379,955.97,928.28,841.8,439.81,19,16/11/2013
380,955.97,928.28,841.8,439.81,20,16/11/2013
381,955.97,928.28,841.8,439.81,21,16/11/2013
382,955.97,928.28,841.8,439.81,22,16/11/2013
383,955.97,928.28,841.8,439.82,23,16/11/2013
384,955.97,928.28,841.8,439.82,0,17/11/2013
385,955.97,928.28,841.8,439.82,1,17/11/2013
386,955.97,928.28,841.8,439.82,2,17/11/2013
387,955.97,928.28,841.79,439.82,3,17/11/2013
388,955.97,928.28,841.81,439.81,4,17/11/2013
389,955.97,928.28,841.82,439.8,5,17/11/2013
390,955.97,928.28,841.82,439.79,6,17/11/2013
391,955.97,928.27,841.81,439.79,7,17/11/2013
392,955.97,928.26,841.8,439.79,8,17/11/2013
393,955.97,928.26,841.8,439.79,9,17/11/2013
394,955.97,928.25,841.8,439.79,10,17/11/2013
395,955.97,928.25,841.79,439.78,11,17/11/2013
396,955.97,928.23,841.78,439.77,12,17/11/2013
397,955.97,928.22,841.77,439.77,13,17/11/2013
398,955.97,928.2,841.77,439.78,14,17/11/2013
399,955.97,928.19,841.77,439.79,15,17/11/2013
400,955.97,928.18,841.76,439.8,16,17/11/2013
401,955.97,928.17,841.75,439.81,17,17/11/2013
402,955.97,928.16,841.74,439.82,18,17/11/2013
403,955.96,928.16,841.74,439.81,19,17/11/2013
404,955.96,928.16,841.73,439.81,20,17/11/2013
405,955.96,928.16,841.73,439.81,21,17/11/2013
406,955.96,928.16,841.73,439.81,22,17/11/2013
407,955.96,928.16,841.71,439.81,23,17/11/2013
408,955.97,928.15,841.71,439.81,0,18/11/2013
409,955.97,928.14,841.71,439.81,1,18/11/2013
410,955.97,928.13,841.7,439.82,2,18/11/2013
411,955.97,928.12,841.7,439.84,3,18/11/2013
412,955.97,928.11,841.69,439.86,4,18/11/2013
413,955.97,928.1,841.69,439.86,5,18/11/2013
414,955.97,928.09,841.68,439.87,6,18/11/2013
415,955.97,928.09,841.67,439.87,7,18/11/2013
416,955.97,928.09,841.66,439.87,8,18/11/2013
417,955.97,928.1,841.66,439.87,9,18/11/2013
418,955.97,928.1,841.66,439.87,10,18/11/2013
419,955.97,928.1,841.64,439.86,11,18/11/2013
420,955.97,928.11,841.64,439.85,12,18/11/2013
421,955.97,928.11,841.63,439.83,13,18/11/2013
422,955.97,928.11,841.62,439.82,14,18/11/2013
423,955.97,928.11,841.61,439.81,15,18/11/2013
424,955.97,928.11,841.59,439.81,16,18/11/2013
425,955.97,928.12,841.58,439.81,17,18/11/2013
426,955.97,928.12,841.57,439.81,18,18/11/2013
427,955.97,928.12,841.55,439.81,19,18/11/2013
428,955.97,928.12,841.54,439.8,20,18/11/2013
429,955.97,928.12,841.52,439.8,21,18/11/2013
430,955.97,928.12,841.51,439.81,22,18/11/2013
431,955.97,928.12,841.5,439.81,23,18/11/2013
432,955.97,928.12,841.48,439.82,0,19/11/2013
433,955.97,928.12,841.47,439.83,1,19/11/2013
434,955.97,928.12,841.45,439.83,2,19/11/2013
435,955.97,928.12,841.44,439.83,3,19/11/2013
436,955.97,928.12,841.42,439.84,4,19/11/2013
437,955.97,928.12,841.44,439.83,5,19/11/2013
438,955.97,928.11,841.45,439.84,6,19/11/2013
439,955.97,928.11,841.45,439.84,7,19/11/2013
440,955.97,928.11,841.49,439.84,8,19/11/2013
441,955.97,928.11,841.48,439.85,9,19/11/2013
442,955.97,928.11,841.49,439.84,10,19/11/2013
443,955.97,928.12,841.5,439.83,11,19/11/2013
444,955.97,928.12,841.51,439.82,12,19/11/2013
445,955.97,928.12,841.53,439.82,13,19/11/2013
446,955.97,928.12,841.55,439.81,14,19/11/2013
447,955.97,928.13,841.57,439.8,15,19/11/2013
448,955.97,928.13,841.59,439.79,16,19/11/2013
449,955.97,928.13,841.59,439.78,17,19/11/2013
450,955.97,928.13,841.6,439.78,18,19/11/2013
451,955.97,928.13,841.61,439.77,19,19/11/2013
452,955.97,928.13,841.62,439.77,20,19/11/2013
453,955.97,928.13,841.62,439.77,21,19/11/2013
454,955.97,928.13,841.63,439.76,22,19/11/2013
455,955.97,928.13,841.64,439.75,23,19/11/2013
456,955.97,928.12,841.65,439.74,0,20/11/2013
457,955.97,928.11,841.66,439.75,1,20/11/2013
458,955.97,928.1,841.66,439.77,2,20/11/2013
459,955.97,928.09,841.67,439.77,3,20/11/2013
460,955.97,928.08,841.67,439.78,4,20/11/2013
461,955.97,928.07,841.68,439.77,5,20/11/2013
462,955.97,928.06,841.68,439.77,6,20/11/2013
463,955.97,928.06,841.69,439.78,7,20/11/2013
464,955.97,928.06,841.69,439.79,8,20/11/2013
465,955.97,928.06,841.7,439.79,9,20/11/2013
466,955.97,928.06,841.7,439.79,10,20/11/2013
467,955.97,928.06,841.7,439.78,11,20/11/2013
468,955.97,928.06,841.7,439.77,12,20/11/2013
469,955.97,928.08,841.71,439.77,13,20/11/2013
470,955.97,928.08,841.72,439.76,14,20/11/2013
471,955.97,928.08,841.73,439.75,15,20/11/2013
472,955.97,928.08,841.74,439.75,16,20/11/2013
473,955.97,928.08,841.75,439.75,17,20/11/2013
474,955.97,928.09,841.76,439.75,18,20/11/2013
475,955.97,928.09,841.76,439.75,19,20/11/2013
476,955.97,928.09,841.76,439.74,20,20/11/2013
477,955.97,928.09,841.76,439.74,21,20/11/2013
478,955.97,928.09,841.76,439.73,22,20/11/2013
479,955.97,928.09,841.77,439.72,23,20/11/2013
480,955.96,928.08,841.77,439.71,0,21/11/2013
481,955.96,928.07,841.78,439.71,1,21/11/2013
482,955.96,928.06,841.78,439.73,2,21/11/2013
483,955.96,928.05,841.78,439.74,3,21/11/2013
484,955.96,928.04,841.78,439.75,4,21/11/2013
485,955.96,928.04,841.8,439.76,5,21/11/2013
486,955.96,928.03,841.8,439.77,6,21/11/2013
487,955.96,928.03,841.8,439.78,7,21/11/2013
488,955.96,928.03,841.8,439.78,8,21/11/2013
489,955.96,928.03,841.8,439.79,9,21/11/2013
490,955.96,928.03,841.81,439.79,10,21/11/2013
491,955.96,928.03,841.82,439.78,11,21/11/2013
492,955.96,928.03,841.83,439.77,12,21/11/2013
493,955.96,928.03,841.84,439.76,13,21/11/2013
494,955.96,928.03,841.83,439.76,14,21/11/2013
495,955.95,928.04,841.84,439.74,15,21/11/2013
496,955.95,928.04,841.84,439.74,16,21/11/2013
497,955.95,928.04,841.84,439.74,17,21/11/2013
498,955.95,928.04,841.84,439.74,18,21/11/2013
499,955.95,928.05,841.85,439.73,19,21/11/2013
500,955.95,928.05,841.85,439.73,20,21/11/2013
501,955.95,928.06,841.85,439.73,21,21/11/2013
502,955.95,928.06,841.85,439.73,22,21/11/2013
503,955.95,928.06,841.85,439.73,23,21/11/2013
504,955.94,928.05,841.85,439.74,0,22/11/2013
505,955.94,928.04,841.85,439.76,1,22/11/2013
506,955.94,928.03,841.85,439.76,2,22/11/2013
507,955.94,928.02,841.85,439.8,3,22/11/2013
508,955.94,928.01,841.85,439.81,4,22/11/2013
509,955.94,928,841.85,439.81,5,22/11/2013
510,955.94,928,841.85,439.82,6,22/11/2013
511,955.94,928,841.86,439.83,7,22/11/2013
512,955.94,928.01,841.86,439.83,8,22/11/2013
513,955.93,928.02,841.86,439.83,9,22/11/2013
514,955.93,928.02,841.86,439.82,10,22/11/2013
515,955.93,928.02,841.86,439.81,11,22/11/2013
516,955.93,928.02,841.87,439.8,12,22/11/2013
517,955.93,928.02,841.87,439.79,13,22/11/2013
518,955.93,928.02,841.87,439.77,14,22/11/2013
519,955.93,928.02,841.87,439.77,15,22/11/2013
520,955.93,928.02,841.87,439.76,16,22/11/2013
521,955.93,928.03,841.88,439.76,17,22/11/2013
522,955.93,928.03,841.88,439.75,18,22/11/2013
523,955.93,928.04,841.89,439.75,19,22/11/2013
524,955.93,928.04,841.89,439.75,20,22/11/2013
525,955.93,928.04,841.89,439.75,21,22/11/2013
526,955.93,928.04,841.88,439.76,22,22/11/2013
527,955.93,928.03,841.89,439.76,23,22/11/2013
528,955.92,928.02,841.89,439.75,0,23/11/2013
529,955.92,928.01,841.89,439.75,1,23/11/2013
530,955.92,928,841.89,439.75,2,23/11/2013
531,955.92,927.99,841.89,439.75,3,23/11/2013
532,955.92,927.98,841.9,439.75,4,23/11/2013
533,955.92,927.98,841.91,439.76,5,23/11/2013
534,955.92,927.96,841.93,439.78,6,23/11/2013
535,955.92,927.95,841.97,439.79,7,23/11/2013
536,955.92,927.94,841.99,439.79,8,23/11/2013
537,955.92,927.94,841.99,439.79,9,23/11/2013
538,955.92,927.93,841.99,439.78,10,23/11/2013
539,955.92,927.91,841.99,439.76,11,23/11/2013
540,955.92,927.9,842.01,439.75,12,23/11/2013
541,955.92,927.89,842.02,439.73,13,23/11/2013
542,955.92,927.8,842.04,439.71,14,23/11/2013
543,955.92,927.87,842.04,439.71,15,23/11/2013
544,955.92,927.86,842.04,439.7,16,23/11/2013
545,955.92,927.85,842.06,439.71,17,23/11/2013
546,955.92,927.84,842.07,439.71,18,23/11/2013
547,955.92,927.84,842.08,439.71,19,23/11/2013
548,955.92,927.84,842.1,439.71,20,23/11/2013
549,955.92,927.84,842.1,439.72,21,23/11/2013
550,955.92,927.84,842.1,439.72,22,23/11/2013
551,955.92,927.83,842.1,439.73,23,23/11/2013
552,955.92,927.82,842.08,439.75,0,24/11/2013
553,955.92,927.81,842.06,439.76,1,24/11/2013
554,955.92,927.8,842.05,439.77,2,24/11/2013
555,955.92,927.8,842.04,439.78,3,24/11/2013
556,955.92,927.79,842.03,439.79,4,24/11/2013
557,955.92,927.78,842.03,439.8,5,24/11/2013
558,955.92,927.77,842.02,439.81,6,24/11/2013
559,955.92,927.76,842.02,439.81,7,24/11/2013
560,955.92,927.74,842,439.81,8,24/11/2013
561,955.92,927.73,842,439.81,9,24/11/2013
562,955.92,927.72,841.099,439.81,10,24/11/2013
563,955.92,927.71,841.97,439.8,11,24/11/2013
564,955.92,927.7,841.95,439.79,12,24/11/2013
565,955.92,927.69,841.94,439.79,13,24/11/2013
566,955.92,927.68,841.93,439.79,14,24/11/2013
567,955.92,927.67,841.91,439.77,15,24/11/2013
568,955.92,927.66,841.9,439.77,16,24/11/2013
569,955.92,927.65,841.88,439.78,17,24/11/2013
570,955.92,927.64,841.86,439.78,18,24/11/2013
571,955.92,927.64,841.84,439.78,19,24/11/2013
572,955.92,927.64,841.83,439.77,20,24/11/2013
573,955.92,927.64,841.81,439.77,21,24/11/2013
574,955.92,927.64,841.8,439.77,22,24/11/2013
575,955.92,927.63,841.77,439.77,23,24/11/2013
576,955.91,927.62,841.76,439.77,0,25/11/2013
577,955.91,927.61,841.74,439.77,1,25/11/2013
578,955.91,927.6,841.72,439.78,2,25/11/2013
579,955.91,927.59,841.69,439.8,3,25/11/2013
580,955.91,927.58,841.68,439.82,4,25/11/2013
581,955.91,927.57,841.67,439.83,5,25/11/2013
582,955.91,927.57,841.65,439.82,6,25/11/2013
583,955.91,927.57,841.63,439.82,7,25/11/2013
584,955.91,927.57,841.62,439.82,8,25/11/2013
585,955.91,927.57,841.6,439.81,9,25/11/2013
586,955.91,927.57,841.57,439.8,10,25/11/2013
587,955.91,927.57,841.54,439.79,11,25/11/2013
588,955.9,927.58,841.52,439.78,12,25/11/2013
589,955.9,927.58,841.5,439.77,13,25/11/2013
590,955.9,927.58,841.48,439.75,14,25/11/2013
591,955.9,927.58,841.48,439.75,15,25/11/2013
592,955.9,927.58,841.49,439.74,16,25/11/2013
593,955.9,927.59,841.48,439.73,17,25/11/2013
594,955.9,927.59,841.49,439.73,18,25/11/2013
595,955.9,927.59,841.49,439.72,19,25/11/2013
596,955.9,927.59,841.5,439.71,20,25/11/2013
597,955.9,927.59,841.5,439.71,21,25/11/2013
598,955.9,927.59,841.5,439.71,22,25/11/2013
599,955.9,927.59,841.5,439.72,23,25/11/2013
600,955.9,927.58,841.5,439.73,0,26/11/2013
601,955.9,927.57,841.5,439.74,1,26/11/2013
602,955.9,927.56,841.5,439.75,2,26/11/2013
603,955.9,927.55,841.5,439.76,3,26/11/2013
604,955.9,927.54,841.5,439.77,4,26/11/2013
605,955.9,927.53,841.5,439.77,5,26/11/2013
606,955.9,927.53,841.5,439.77,6,26/11/2013
607,955.9,927.53,841.5,439.76,7,26/11/2013
608,955.9,927.53,841.5,439.76,8,26/11/2013
609,955.89,927.54,841.5,439.75,9,26/11/2013
610,955.89,927.54,841.5,439.74,10,26/11/2013
611,955.89,927.54,841.5,439.73,11,26/11/2013
612,955.89,927.55,841.5,439.72,12,26/11/2013
613,955.89,927.55,841.5,439.71,13,26/11/2013
614,955.89,927.55,841.5,439.7,14,26/11/2013
615,955.89,927.56,841.5,439.7,15,26/11/2013
616,955.89,927.56,841.5,439.7,16,26/11/2013
617,955.89,927.56,841.5,439.71,17,26/11/2013
618,955.89,927.56,841.5,439.72,18,26/11/2013
619,955.89,927.56,841.5,439.71,19,26/11/2013
620,955.89,927.56,841.51,439.71,20,26/11/2013
621,955.89,927.57,841.52,439.71,21,26/11/2013
622,955.89,927.57,841.55,439.69,22,26/11/2013
623,955.89,927.57,841.58,439.69,23,26/11/2013
624,955.89,927.57,841.63,439.7,0,27/11/2013
625,955.89,927.56,841.67,439.72,1,27/11/2013
626,955.89,927.56,841.69,439.73,2,27/11/2013
627,955.89,927.55,841.7,439.74,3,27/11/2013
628,955.89,927.54,841.71,439.76,4,27/11/2013
629,955.89,927.52,841.73,439.77,5,27/11/2013
630,955.89,927.52,841.75,439.78,6,27/11/2013
631,955.89,927.53,841.77,439.79,7,27/11/2013
632,955.89,927.53,841.77,439.79,8,27/11/2013
633,955.89,927.54,841.78,439.79,9,27/11/2013
634,955.89,927.54,841.8,439.79,10,27/11/2013
635,955.89,927.54,841.81,439.78,11,27/11/2013
636,955.89,927.54,841.87,439.77,12,27/11/2013
637,955.89,927.55,841.91,439.77,13,27/11/2013
638,955.89,927.56,841.97,439.76,14,27/11/2013
639,955.89,927.58,842,439.75,15,27/11/2013
640,955.89,927.6,842.01,439.74,16,27/11/2013
641,955.89,927.61,842.01,439.74,17,27/11/2013
642,955.89,927.62,842.15,439.74,18,27/11/2013
643,955.89,927.63,842.6,439.74,19,27/11/2013
644,955.92,927.68,843.33,439.74,20,27/11/2013
645,955.94,927.73,843.67,439.74,21,27/11/2013
646,955.95,927.8,843.67,439.74,22,27/11/2013
647,955.96,927.86,843.58,439.75,23,27/11/2013
648,955.96,927.9,843.5,439.75,0,28/11/2013
649,955.96,927.9,843.4,439.77,1,28/11/2013
650,955.96,927.9,843.35,439.79,2,28/11/2013
651,955.97,927.9,843.3,439.81,3,28/11/2013
652,955.97,927.91,843.28,439.81,4,28/11/2013
653,955.97,927.91,843.25,439.81,5,28/11/2013
654,955.97,927.93,843.22,439.81,6,28/11/2013
655,955.97,927.93,843.2,439.81,7,28/11/2013
656,955.97,927.95,843.18,439.81,8,28/11/2013
657,955.97,927.97,843.17,439.81,9,28/11/2013
658,955.97,927.99,843.15,439.8,10,28/11/2013
659,955.97,928,843.14,439.79,11,28/11/2013
660,955.97,928.01,843.13,439.78,12,28/11/2013
661,955.97,928.02,843.11,439.78,13,28/11/2013
662,955.97,928.03,843.1,439.77,14,28/11/2013
663,955.97,928.05,843.1,439.76,15,28/11/2013
664,955.97,928.06,843.09,439.76,16,28/11/2013
665,955.97,928.07,843.08,439.75,17,28/11/2013
666,955.97,928.08,843.08,439.75,18,28/11/2013
667,955.97,928.08,843.08,439.73,19,28/11/2013
668,955.97,928.08,843.08,439.73,20,28/11/2013
669,955.97,928.09,843.06,439.71,21,28/11/2013
670,955.98,928.09,843.05,439.71,22,28/11/2013
671,955.98,928.09,843.05,439.72,23,28/11/2013
672,955.98,928.09,843.05,439.74,0,29/11/2013
673,955.98,928.08,843.05,439.75,1,29/11/2013
674,955.98,928.07,843.05,439.76,2,29/11/2013
675,955.98,928.06,843.05,439.77,3,29/11/2013
676,955.98,928.05,843.03,439.78,4,29/11/2013
677,955.98,928.05,843.01,439.78,5,29/11/2013
678,955.98,928.05,843.01,439.79,6,29/11/2013
679,955.98,928.06,843,439.81,7,29/11/2013
680,955.98,928.07,843,439.82,8,29/11/2013
681,955.98,928.07,842.99,439.81,9,29/11/2013
682,955.98,928.07,842.98,439.8,10,29/11/2013
683,955.98,928.07,842.97,439.79,11,29/11/2013
684,955.98,928.07,842.96,439.77,12,29/11/2013
685,955.98,928.07,842.95,439.75,13,29/11/2013
686,955.98,928.09,842.94,439.74,14,29/11/2013
687,955.98,928.09,842.94,439.73,15,29/11/2013
688,955.98,928.09,842.93,439.73,16,29/11/2013
689,955.98,928.09,842.92,439.73,17,29/11/2013
690,955.98,928.11,842.91,439.73,18,29/11/2013
691,955.98,928.11,842.91,439.72,19,29/11/2013
692,955.98,928.12,842.9,439.72,20,29/11/2013
693,955.98,928.12,842.89,439.73,21,29/11/2013
694,955.98,928.13,842.88,439.74,22,29/11/2013
695,955.98,928.13,842.87,439.75,23,29/11/2013
696,955.98,928.13,842.86,439.77,0,30/11/2013
697,955.98,928.13,842.85,439.79,1,30/11/2013
698,955.98,928.12,842.83,439.81,2,30/11/2013
699,955.98,928.12,842.82,439.82,3,30/11/2013
700,955.98,928.1,842.8,439.83,4,30/11/2013
701,955.98,928.1,842.79,439.83,5,30/11/2013
702,955.98,928.1,842.78,439.83,6,30/11/2013
703,955.98,928.11,842.77,439.83,7,30/11/2013
704,955.98,928.11,842.76,439.83,8,30/11/2013
705,955.98,928.11,842.74,439.82,9,30/11/2013
706,955.98,928.11,842.73,439.81,10,30/11/2013
707,955.98,928.12,842.71,439.79,11,30/11/2013
708,955.98,928.12,842.69,439.78,12,30/11/2013
709,955.98,928.12,842.68,439.77,13,30/11/2013
710,955.98,928.13,842.66,439.75,14,30/11/2013
711,955.98,928.13,842.64,439.74,15,30/11/2013
712,955.98,928.13,842.62,439.73,16,30/11/2013
713,955.98,928.14,842.6,439.72,17,30/11/2013
714,955.98,928.14,842.58,439.71,18,30/11/2013
715,955.98,928.15,842.56,439.7,19,30/11/2013
716,955.98,928.15,842.54,439.71,20,30/11/2013
717,955.98,928.15,842.52,439.73,21,30/11/2013
718,955.98,928.16,842.5,439.75,22,30/11/2013
719,955.98,928.16,842.48,439.76,23,30/11/2013
