,HORA,PCG1,PCG2,PCG3,PCG4,PCG5,PCG6,PCG7,PCG8,PCG9,PHC1,PHC2,AMY1,AMY2,CEN,EEC,EEC20,PCHN,PNI1,PNI2,GSR,MTR,NSL,PCA1,PCA2,PCF1,PCF2,PEN1 y 2,PEN3,PLB1,PLB2,PMG3,PMG4,PMG5,PMT1,PMT2,PMT3,TPC,LNI-L9040,AMY-L9030,TCPI-L9150,Demanda,Date
0,00,0,0,0,0,0,0,0,0,42.751,0,0,27.001,20.801,0,49.506,0,0,24.771,25.439,0,32.435,22.836,20.577,20.508,15.956,0,9.431,0,0,0,0,0,0,0,19.5,6.3,0,0,3,-5.017,339.708,11/1/2012
1,01,0,0,0,0,0,0,0,0,42.946,0,0,29.001,21.401,0,49.654,0,0,25.495,25.439,0,32.861,26.136,20.618,19.469,0,0,8.956,0,0,0,0,0,0,0,19.7,0,0,11.109,-1.7,-9.815,322.316,11/1/2012
2,02,0,0,0,0,0,0,0,0,43.809,0,0,25.801,18.801,0,49.876,0,0,25.523,25.439,0,30.593,25.74,23.352,22.71,0,0,8.956,0,0,0,0,0,0,0,19.7,0,0,3.418,1,-4.01,320.016,11/1/2012
3,03,0,0,0,0,0,0,0,0,43.336,0,0,21.101,18.901,0,49.95,0,0,25.523,25.439,0,33.737,28.908,15.627,6.549,0,0,8.956,0,0,0,0,0,0,0,20,0,0,14.283,-8.8,-16.407,309.155,11/1/2012
4,04,0,0,0,0,0,0,0,0,42.807,0,0,30.601,18.501,0,49.358,0,0,25.523,25.439,0,30.638,24.816,13.754,10.364,0,0,8.956,0,0,0,0,0,0,0,20,0,0,33.326,-24.501,-26.716,318.842,11/1/2012
5,05,0,0,0,0,0,0,0,0,40.914,0,0,33.301,21.501,0,49.876,0,0,25.523,25.439,0,30.323,26.136,13.604,13.891,16.024,0,8.956,0,0,0,0,0,0,0,20,6.46,0,49.074,-27.801,-34.315,345.09,11/1/2012
6,06,0,0,0,0,0,0,0,0,36.934,0,0,30.901,21.901,0,49.802,0,0,25.523,25.439,0,31.873,25.74,6.781,7.629,0,0,8.956,0,0,0,0,0,0,0,20.5,6.5,47.3,30.885,-14.2,-18.403,347.681,11/1/2012
7,07,0,0,0,0,0,0,0,0,37.24,0,0,26.001,17.301,0,49.58,0,0,25.523,26.191,0,31.536,13.992,17.965,21.014,19.921,0,8.956,0,0,0,0,0,0,0,20.3,6.5,47.3,0,7,-1.611,364.135,11/1/2012
8,08,0,0,0,0,0,0,31.839,0,33.956,0,0,32.301,19.801,26.224,49.284,0,0,25.523,25.634,0,30.121,9.768,19.811,18.581,14.999,0,8.956,0,0,0,0,0,0,0,20,6.3,47.3,2.319,6,-4.303,416.426,11/1/2012
9,09,0,0,0,0,0,7.852,30.661,0,33.483,0,0,33.801,21.501,47.617,49.21,0,0,25.523,25.606,0,30.593,11.22,14.274,11.334,16.53,15.545,8.956,0,0,0,0,5.2,0,0,20.4,6.15,47.3,-26.978,19.301,6.098,464.409,11/1/2012
10,10,0,0,0,0,0,7.947,31.014,18.386,33.622,0,0,28.001,19.501,47.75,49.358,0,0,25.523,25.105,0,30.907,10.956,19.292,23.831,16.899,16.051,8.93,0,0,0,0,5.2,0,0,20.5,6,47.3,6.348,-2.5,-6.5,495.045,11/1/2012
11,11,18.376,0.964,0,0,0,7.698,30.131,22.559,33.873,0,0,22.501,15.901,41.116,49.432,0,0,25.634,25.69,0,29.38,8.448,23.626,24.309,18.526,18.389,8.948,0,0,0,0,5.2,0,0,20.6,5.84,47.3,-19.166,18.401,3.497,502.081,11/1/2012
12,12,18.376,18.567,0,0,0,7.786,31.81,22.785,33.232,0,0,20.401,15.701,40.447,49.136,0,0,25.634,25.69,0,32.345,8.052,10.692,10.938,18.649,18.075,9.598,0,0,0,0,5.2,0,0,20,5.76,47.3,-17.09,10.9,9.595,492.621,11/1/2012
13,13,18.418,18.445,0,0,0,7.654,31.515,22.624,41.304,0,0,12.8,9.4,40.388,49.062,0,0,25.634,25.69,0,31.424,7.128,15.176,17.856,14.807,14.793,9.457,0,0,0,0,5.2,0,0,19.2,5.7,47.3,-17.457,9.8,8.496,490.029,11/1/2012
14,14,17.241,18.58,16.639,0,0,7.617,30.219,22.592,40.135,0,0,7.1,7.1,40.607,49.432,0,0,25.634,25.69,0,31.514,8.976,18.485,19.128,15.791,14.67,9.457,0,0,0,0,5.2,0,0,18.5,5.6,47.3,-12.085,10.9,4.688,499.737,11/1/2012
15,15,18.348,18.653,16.834,0,0,0.19,30.042,22.511,41.36,0,0,3.3,4.6,40.497,49.136,0,0,25.634,25.745,0,30.615,26.4,13.303,20.057,15.915,14.999,9.457,0,0,0,0,5.2,0,0,19.8,5.67,47.3,0,-.9,1.794,504.655,11/1/2012
16,16,18.348,12.098,0,0,0,7.94,31.986,23.075,41.638,0,0,11.9,7.8,40.458,49.358,0,0,25.634,26.024,0,32.008,24.288,12.155,7.328,15.737,16.366,9.457,0,0,0,0,5.2,0,0,19.7,5.66,47.3,6.714,-6.1,-2.417,493.264,11/1/2012
17,17,18.348,0,0,0,0,7.705,31.486,24.396,41.694,0,0,19.301,14.8,40.435,48.914,0,0,25.634,25.829,0,30.211,26.664,7.055,7.998,0,0,9.457,0,0,0,0,5.2,0,0,19.7,5.76,47.3,8.301,-3,-6.5,459.139,11/1/2012
18,18,18.348,0,0,0,0,7.801,33.165,24.445,43.03,0,0,20.301,15.201,40.938,49.21,0,0,25.634,25.857,0,33.67,25.872,23.339,24.952,18.772,0,9.457,0,0,0,0,5.2,0,0,19.6,5.84,47.3,-3.174,4.4,0,516.719,11/1/2012
19,19,18.348,18.616,0,0,0,7.793,33.194,24.155,42.89,0,0,34.401,21.201,40.908,49.062,0,0,25.634,25.857,0,31.963,27.324,17.938,18.307,15.381,16.01,9.457,0,0,0,0,5.2,0,0,19.5,5.92,47.3,11.109,4.9,-5.512,546.035,11/1/2012
20,20,14.384,0,0,0,0,7.852,33.253,24.428,42.723,0,0,35.801,21.701,40.866,49.802,0,0,25.634,25.495,0,33.086,19.536,17.637,21.548,15.258,15.532,9.457,0,0,0,0,0,0,0,19.3,6.1,47.3,-2.441,8,-3.113,524.33,11/1/2012
21,21,0,0,0,0,0,0,33.754,12.827,43.224,0,0,37.701,22.201,40.979,49.58,0,0,25.634,25.495,0,29.29,26.4,10.268,23.216,14.862,0,9.457,0,0,0,0,0,0,0,19.3,6.1,47.3,11.597,4.5,-10.913,472.337,11/1/2012
22,22,0,0,0,0,0,0,33.194,0,42.556,0,0,30.401,18.001,0,49.58,0,0,25.634,25.495,0,29.492,27.852,12.401,12.155,17.049,0,9.457,0,0,0,0,0,0,0,19.5,6.18,47.3,2.564,5.6,-4.01,402.106,11/1/2012
23,23,0,0,0,0,0,0,0,0,42.362,0,0,34.501,21.401,0,49.21,0,0,25.634,25.578,0,32.569,26.796,12.373,11.717,0,0,9.457,0,0,0,0,0,0,0,19.7,6.15,47.3,-5.249,6.6,-6.409,369.799,11/1/2012
0,00,0,0,0,0,0,0,0,0,0,0,0,33.401,22.401,0,50.246,0,0,25.634,25.578,0,31.154,25.74,12.059,9.967,0,0,9.457,0,0,0,0,0,0,0,19.5,6.23,47.3,-16.358,-9.4,-16.114,360.539,12/1/2012
1,01,0,0,0,0,0,0,0,0,0,0,0,37.801,21.801,0,49.802,0,0,25.551,25.634,0,29.762,27.456,23.093,23.612,0,0,9.457,0,0,0,0,0,0,0,19.6,6.3,0,41.505,-30.601,-38.417,327.382,12/1/2012
2,02,0,0,0,0,0,0,0,0,0,0,0,31.801,21.801,0,49.728,0,0,25.551,25.745,0,31.087,27.984,21.096,21.11,0,0,9.457,0,0,0,0,0,0,0,19.1,6.31,0,23.194,-25.801,-30.103,323.48,12/1/2012
3,03,0,0,0,0,0,0,0,0,0,0,0,32.501,22.001,0,49.654,0,0,25.551,25.745,0,30.885,25.08,18.54,18.417,0,0,9.457,0,0,0,0,0,0,0,19.5,6.46,0,23.927,-25.801,-34.608,320.273,12/1/2012
4,04,0,0,0,0,0,0,0,0,0,0,0,28.801,19.301,0,49.654,0,0,25.551,25.356,0,30.997,27.588,6.617,7.055,0,0,9.457,0,0,0,0,0,0,0,19.5,6.38,42,31.251,-23.701,-29.408,320.115,12/1/2012
5,05,0,0,0,0,0,0,0,0,0,0,0,24.901,19.101,0,49.876,0,0,25.551,25.356,0,32.008,25.872,14.999,14.11,0,0,9.457,0,0,0,0,0,0,0,19.4,6.46,47.3,16.358,-25.301,-25.617,348.951,12/1/2012
6,06,0,0,0,0,0,0,0,0,39.912,0,0,27.901,19.101,0,49.654,0,0,25.551,25.356,0,31.716,27.06,7.11,6.863,0,0,9.457,0,0,0,0,0,0,0,19.7,6.5,42,32.838,-24.801,-23.603,353.477,12/1/2012
7,07,0,0,0,0,0,0,0,0,39.968,0,0,29.401,20.301,0,49.654,0,0,25.551,25.356,0,31.424,27.588,18.376,18.963,0,0,9.457,0,0,0,0,0,0,0,19.6,6.5,47.3,7.324,2.6,-6.812,366.367,12/1/2012
8,08,0,0,0,0,0,0,33.842,0,40.469,0,0,25.401,20.001,0,49.654,0,0,25.551,25.384,0,30.233,25.608,21.753,24.938,18.006,0,9.457,0,0,0,0,0,0,0,19.4,6.23,47.3,6.104,-6.4,-6.702,430.225,12/1/2012
9,09,0,0,0,0,0,0,31.869,0,39.662,0,0,26.501,18.001,47.653,49.21,0,0,25.551,25.356,0,30.346,28.38,13.577,15.081,14.739,14.752,9.457,0,0,0,0,0,0,0,19.2,6.23,47.3,-27.1,8.3,1.996,479.669,12/1/2012
10,10,0,0,0,0,0,0,32.075,24.026,39.718,0,0,21.801,19.201,47.59,49.432,0,0,25.384,25.328,0,25.943,28.38,22.176,19.907,16.667,17.09,9.457,0,0,0,0,0,0,0,19.3,6.1,47.3,-3.174,3.5,-.513,497.032,12/1/2012
11,11,0,0,0,0,0,4.68,32.016,24.122,40.246,0,0,23.101,14.6,47.762,49.58,0,0,25.718,25.69,0,20.642,25.872,23.229,24.227,23.68,22.723,9.457,0,0,0,0,5.2,0,0,19.7,5.76,47.3,3.052,2.2,-1.209,511.262,12/1/2012
12,12,18.319,0,0,0,0,8.621,33.165,24.138,41.61,0,0,12.8,11.8,47.075,49.21,0,0,25.718,25.523,0,29.604,24.948,18.567,18.991,15.012,14.999,9.457,0,0,0,0,5.2,0,0,19.7,5.67,47.3,4.517,0.3,2.49,500.12,12/1/2012
13,13,18.319,0,0,0,0,8.899,33.135,24.042,42.696,0,0,12.8,10.2,47.172,49.284,0,0,25.718,25.523,0,28.728,26.004,14.588,12.25,14.67,14.629,9.457,0,0,0,0,5.2,0,0,19.7,5.75,47.3,-36.256,19.201,14.997,498.122,12/1/2012
14,14,17.087,0,0,0,0,8.181,32.252,24.606,43.197,0,0,15.501,11.4,47.368,49.358,0,0,25.718,25.523,0,6.154,26.4,19.21,17.842,15.614,15.368,9.457,0,0,0,0,5.2,0,0,19.6,5.84,47.3,-21.119,-2.8,2.289,509.806,12/1/2012
15,15,18.123,18.616,0,0,0,6.431,33.607,24.155,41.61,0,0,13.9,10.5,47.231,49.358,0,0,25.718,25.523,0,0,24.288,19.456,16.065,23.12,22.846,9.457,0,0,0,0,5.2,0,0,19.8,5.84,47.3,-6.47,12,5.786,496.828,12/1/2012
16,16,18.641,0,0,0,0,7.544,33.165,23.961,41.888,0,0,18.701,11.2,47.278,48.618,0,0,25.606,25.161,0,26.617,25.608,8.436,7.287,14.301,14.192,9.457,0,0,0,0,5.2,0,0,20.2,5.76,42,13.916,-4.3,-5.017,476.222,12/1/2012
17,17,0,0,0,0,0,0,34.402,24.912,43.224,0,0,22.601,17.101,47.161,49.58,0,0,25.606,25.495,0,31.064,26.4,17.159,16.831,0,0,9.668,0,0,0,0,0,0,0,20.1,5.84,47.3,3.174,9.1,-.311,452.481,12/1/2012
18,18,0,0,0,0,0,7.676,35.669,24.638,43.364,0,0,22.901,18.001,47.133,49.432,0,0,25.606,25.495,0,31.02,19.404,20.508,22.081,20.303,20.673,9.176,0,0,0,0,5.2,0,0,20.7,5.93,47.3,31.617,-5.9,-11.408,507.901,12/1/2012
19,19,18.6,18.47,0,0,0,7.566,34.873,24.058,42.529,0,0,33.801,22.601,47.141,49.284,0,0,25.606,25.495,0,30.166,25.212,8.518,12.633,15.19,15.545,9.176,0,0,0,0,5.2,0,0,20.4,5.92,47.3,-11.963,5.7,-.604,552.151,12/1/2012
20,20,0,0,0,0,0,7.815,35.757,24.557,43.447,0,0,34.201,22.601,47.317,49.876,0,0,25.606,25.495,0,30.256,25.608,15.409,18.827,15.887,16.188,9.176,0,0,0,0,0,0,0,20.7,5.99,47.3,10.62,4,-8.112,515.505,12/1/2012
21,21,0,0,0,0,0,0,35.286,0,42.584,0,0,33.601,22.501,47.223,49.654,0,0,25.606,25.578,0,30.525,24.156,11.868,13.139,15.819,16.12,9.176,0,0,0,0,0,0,0,19.5,6.1,47.3,10.254,-.2,-12.214,477.866,12/1/2012
22,22,0,0,0,0,0,0,35.698,0,43.531,0,0,37.201,22.601,0.496,49.506,0,0,25.606,25.578,0,32.232,26.928,8.272,7.315,17.241,0,9.176,0,0,0,0,0,0,0,19.6,6.1,47.3,11.963,-.1,-11.206,413.694,12/1/2012
23,23,0,0,0,0,0,0,0,0,42.751,0,0,24.601,14.8,0,49.506,0,0,25.606,25.189,0,30.391,26.004,16.174,20.139,14.192,0,9.176,0,0,0,0,0,0,0,20.6,6.15,47.3,-10.132,8.9,0,373.811,12/1/2012
0,00,0.252,0,0,0,0,0,0,0,13.805,0,0,28.601,15.601,0,50.32,0,0,25.467,25.189,0,31.379,27.984,7.766,14.889,11.129,0,9.53,0,0,0,0,0,0,0,20,6.43,47.3,3.906,-7.9,-12.104,351.74,13/1/2012
1,01,0.252,0,0,0,0,0,0,0,0,0,0,32.201,21.701,0,49.654,0,0,24.994,25.189,0,29.447,29.172,7.205,7.602,0,0,9.598,0,0,0,0,0,0,0,20.4,6.46,42,30.03,-28.801,-34.608,339.206,13/1/2012
2,02,0.252,0,0,0,0,0,0,0,0,0,0,22.501,15.601,0,50.024,0,0,25.439,25.161,0,28.751,29.436,24.132,24.009,20.481,0,9.51,0,0,0,0,0,0,0,19.2,6.46,0,38.697,-32.201,-36.604,331.065,13/1/2012
3,03,0,0,0,0,0,0,0,0,0,0,0,18.001,13.6,0,33.448,0,0,25.439,25.551,0,30.233,27.192,24.091,24.309,19.77,19.497,4.676,0,0,0,0,0,0,0,19,6.38,0,23.804,-28.201,-27.302,322.86,13/1/2012
4,04,0,0,0,0,0,0,0,0,0,0,0,10.2,9,0,50.098,0,0,25.439,25.523,0,31.514,26.664,20.208,17.336,24.214,0,9.5,0,0,0,0,0,0,0,19.2,6.5,33.5,45.412,-34.101,-22.504,320.119,13/1/2012
5,05,0,0,0,0,0,0,0,0,0,0,0,29.001,15,0,49.58,0,0,25.439,25.133,0,30.817,26.4,7.533,19.893,15.846,0,9.41,0,0,0,0,0,0,0,19.4,6.5,42,34.059,-32.601,-27.21,347.814,13/1/2012
6,06,0,0,0,0,0,0,0,0,28.195,0,0,29.501,18.801,0,49.876,0,0,25.439,25.523,0,29.739,24.948,9.051,20.563,14.028,0,9.4,0,0,0,0,0,0,0,19.7,6.46,42,40.529,-23.401,-25.416,361.549,13/1/2012
7,07,0,0,0,0,0,0,0,0,42.751,0,0,21.201,16.201,0,50.616,0,0,25.439,25.523,0,30.525,27.852,24.159,24.733,0,0,9.42,0,0,0,0,0,0,0,18.9,6.46,47.3,9.888,-4.2,-7.617,373.009,13/1/2012
8,08,0,0,0,0,0,0,33.106,17.5,36.712,0,0,10.6,8.6,39.86,49.284,0,0,25.467,0,0,31.648,24.156,23.53,22.641,14.452,0,9.46,0,0,0,0,0,0,0,19.4,6.15,47.3,-7.324,-8.6,-2.911,438.701,13/1/2012
9,09,18.487,18.677,0,0,0,6.262,33.636,22.946,37.185,0,0,19.301,11,41.399,49.432,0,0,25.467,0,0,31.693,22.704,15.012,17.911,15.778,0,9.48,0,0,0,0,5.2,0,0,20,6.2,47.3,-5.493,-1,-.714,482.277,13/1/2012
10,10,18.487,18.665,0,0,0,6.182,33.666,22.769,36.6,0,0,14.7,13.4,41.183,49.432,0,0,25.467,0,0,29.896,27.588,9.283,11.252,14.821,14.78,3.58,25.575,0,0,0,5.2,0,0,20,6,47.3,7.324,-.2,-3.314,492.016,13/1/2012
11,11,18.487,18.69,0,0,0,6.262,32.487,22.93,36.712,0,0,13.9,14.4,41.183,49.506,0,0,25.467,0,0,30.458,26.532,17.501,17.063,15.915,15.559,3.71,31.27,0,0,0,5.2,0,0,19.6,5.84,47.3,-10.254,12.3,11.097,502.829,13/1/2012
12,12,18.487,18.592,0,0,0,7.852,32.458,23.703,36.461,0,0,33.401,15.901,41.698,49.358,0,0,25.523,0,0,29.559,25.344,9.147,7.082,15.764,15.532,3.7,31.069,0,0,0,5.2,0,0,19.7,5.62,47.3,-21.729,18.701,7.288,514.191,13/1/2012
13,13,18.487,0,0,0,0,6.167,34.078,24.09,36.266,0,0,37.901,19.801,47.11,48.84,0,0,25.495,0,0,31.109,25.608,6.781,6.563,0,15.108,3.744,30.97,0,0,0,5.2,0,0,19.6,5.52,47.3,-18.433,14.2,2.783,497.154,13/1/2012
14,14,16.709,0,0,0,0,7.075,33.076,24.815,37.185,0,0,23.801,19.201,48.193,49.95,0,0,25.495,0,0,30.84,26.532,10.364,12.045,16.776,16.967,3.81,30.77,0,0,0,5.2,0,0,20,5.45,47.3,9.644,3.5,-2.71,501.12,13/1/2012
15,15,11.177,0,0,0,0,7.866,33.666,24.38,36.517,0,0,29.501,20.301,48.103,49.358,0,0,25.495,0,0,29.515,23.364,7.246,7.492,16.516,16.626,3.86,30.47,0,0,0,5.2,0,0,20,5.6,47.3,-27.955,17.101,4.596,505.811,13/1/2012
16,16,0,0,0,0,0,7.801,33.371,24.396,37.073,0,0,14.4,13.1,48.111,49.136,0,0,25.467,0,0,30.323,24.948,17.254,17.76,16.79,16.489,3.91,30.57,0,0,0,5.2,0,0,19.7,5.59,47.3,-15.137,1.4,2.985,499.441,13/1/2012
17,17,0,0,0,0,0,9.346,33.135,24.058,36.572,0,0,15.601,12.5,48.454,49.21,0,0,25.634,0,0,29.964,24.684,14.233,13.959,0,0,4.77,38.363,0,0,0,5.2,0,0,19.5,0,47.3,-10.01,5.1,7.892,449.464,13/1/2012
18,18,0,0,0,0,0,9.295,35.757,24.59,36.628,0,0,27.301,19.901,48.563,49.58,0,0,25.634,0,0,28.099,24.816,22.122,24.788,0,0,4.667,38.562,0,0,0,2,0,0,19.8,5.92,47.3,2.197,-3.8,-11.005,507.974,13/1/2012
19,19,18.361,18.506,0,0,0,9.075,35.05,24.074,42.751,0,0,33.901,21.901,48.319,49.21,0,0,25.244,0,0,29.065,28.116,8.012,8.149,14.875,14.957,4.667,38.262,0,0,0,5.2,0,0,19.6,6,47.3,8.301,8.7,-2.106,535.702,13/1/2012
20,20,0,0,0,0,0,9.141,35.404,24.3,43.085,0,0,38.301,22.601,47.766,49.136,0,0,25.606,0,0,30.054,25.344,11.95,11.827,15.245,14.944,4.57,38.562,0,0,0,0,0,0,19.2,6.07,47.3,3.662,3.2,-7.709,521.253,13/1/2012
21,21,0,0,0,0,0,9.031,33.489,0,43.03,0,0,39.201,22.601,22.247,49.136,0,0,25.244,0,0,30.233,24.288,19.77,18.827,0,16.27,4.61,38.562,0,0,0,0,0,0,19.5,6.15,47.3,-4.273,6.2,-9.101,476.663,13/1/2012
22,22,0,0,0,0,0,2.761,18.642,0,43.336,0,0,39.301,22.601,0,50.69,0,0,25.244,0,0,29.672,26.004,12.647,19.128,0,15.682,4.579,38.063,0,0,0,0,0,0,19.7,6.3,47.3,21.729,0.6,-14.502,413.824,13/1/2012
23,23,0,0,0,0,0,2.725,0,0,43.308,0,0,39.201,22.601,0,49.21,0,0,25.606,0,0,28.706,24.552,8.19,6.112,0,0,4.64,38.862,0,0,0,0,0,0,19.2,6.3,47.3,5.127,6.8,-8.002,362.588,13/1/2012
0,00,0,0,0,0,0,2.695,0,0,43.002,0,0,39.401,22.401,0,50.394,0,0,25.606,0,0,29.582,24.816,17.583,18.253,0,0,4.65,38.763,0,0,0,0,0,0,19.5,6.37,0,7.324,3.5,-13.312,345.504,14/1/2012
1,01,0,0,0,0,0,2.761,0,0,43.224,0,0,39.501,22.501,0,51.43,0,0,25.606,0,0,29.649,28.38,9.83,8.723,0,0,4.579,37.963,0,0,0,0,0,0,19.9,6.4,0,33.326,-10.3,-25.91,333.331,14/1/2012
2,02,0,0,0,0,0,2.725,0,0,42.946,0,0,39.001,22.401,0,51.282,0,0,25.718,0,0,31.401,27.852,7.11,7.26,0,0,4.746,37.963,0,0,0,0,0,0,20.2,6.5,0,30.152,-4.9,-20.911,322.794,14/1/2012
3,03,0,0,0,0,0,2.732,0,0,42.918,0,0,34.701,21.401,0,50.542,0,0,25.634,0,0,30.84,26.4,14.356,0,0,0,4.702,38.262,0,0,0,0,0,0,19.6,6.5,0,32.35,-6.7,-20.014,313.022,14/1/2012
4,04,0,0,0,0,0,2.783,0,0,43.252,0,0,36.901,21.901,0,50.098,0,0,25.718,0,0,31.401,29.568,10.733,0,0,0,4.658,38.662,0,0,0,0,0,0,20.7,6.45,0,30.03,-9.6,-21.809,324.204,14/1/2012
5,05,0,0,0,0,0,2.747,0,0,43.28,0,0,38.801,22.201,0,50.986,0,0,25.634,0,0,29.223,26.928,24.856,0,0,0,4.676,37.663,0,0,0,0,0,0,20.7,6.44,0,23.927,-6,-21.003,337.211,14/1/2012
6,06,0,0,0,0,0,2.71,0,0,42.974,0,0,36.801,21.801,0,49.95,0,0,25.634,0,0,29.38,28.644,24.077,22.258,0,0,4.658,37.863,0,0,0,0,0,0,20.4,6.45,0,27.833,-2.5,-14.411,342.678,14/1/2012
7,07,0,0,0,0,0,2.739,0,0,43.002,0,0,38.001,20.801,0,49.432,0,0,25.578,0,0,32.592,26.4,16.188,13.112,17.473,0,4.579,37.963,0,0,0,0,0,0,19.9,6.38,0,34.425,-15.9,-22.102,357.717,14/1/2012
8,08,0,0,0,0,0,2.769,0,0,42.723,0,0,34.701,22.401,0,49.506,0,0,25.578,0,0,31.873,24.552,17.241,20.413,16.762,0,4.087,37.963,0,0,0,0,0,0,20,6.15,37.8,29.42,-5.9,-19.318,390.317,14/1/2012
9,09,0,0,0,0,0,2.71,0,0,43.03,0,0,32.301,22.101,0,48.47,0,0,25.69,0,0,31.716,23.628,21.411,24.993,20.003,20.276,4.131,37.463,0,0,0,0,0,0,19,5.92,37.8,-14.771,17.201,1.483,416.73,14/1/2012
10,10,0,0,0,0,0,2.739,35.404,0,42.723,0,0,37.801,22.101,0,49.506,0,0,25.69,0,0,30.728,23.628,9.885,10.5,15.778,16.079,4.034,37.863,0,0,0,0,0,0,20.2,5.92,37.8,-26.856,18.901,5.695,430.639,14/1/2012
11,11,0,0,0,0,0,2.754,35.58,0,43.057,0,0,37.801,22.501,0,49.21,0,0,25.3,0,0,31.514,27.192,16.106,19.962,15.969,16.297,4.192,38.763,0,0,0,0,0,0,20.2,5.67,37.8,-12.329,18.601,-.806,444.402,14/1/2012
12,12,0,0,0,0,0,2.688,34.608,0,42.417,0,10.029,36.601,20.901,15.227,52.614,0,0,25.662,0,0,26.774,21.12,21.589,22.423,19.811,20.112,4.07,38.163,0,0,0,0,0,0,20.5,5.6,0,-25.147,20.901,2.985,442.17,14/1/2012
13,13,0,0,0,0,0,2.739,35.168,0,42.863,0,0,21.801,14.9,29.35,49.284,0,0,25.244,0,0,31.873,22.572,21.589,24.993,14.041,14.383,3.41,38.063,0,0,0,0,0,0,20.5,5.6,0,-2.93,1.5,0.787,419.016,14/1/2012
14,14,0,0,0,0,0,2.754,35.197,0,43.085,0,0,24.101,16.601,0,49.654,0,0,25.551,0,0,27.179,22.176,16.325,19.921,14.875,15.204,3.982,37.763,0,0,0,0,0,0,19.5,5.52,37.8,0,4.9,0.696,411.592,14/1/2012
15,15,0,0,0,0,0,2.71,34.844,0,42.584,0,0,23.101,15.1,0,49.506,0,0,25.551,0,0,30.795,26.004,15.778,15.012,20.167,0,4.236,38.463,0,0,0,0,0,0,19.6,5.6,37.8,2.319,1.5,-1.813,404.845,14/1/2012
16,16,0,0,0,0,0,2.725,34.726,0,43.169,0,0,32.801,22.401,0,48.914,0,0,25.551,0,0,29.964,25.212,7.793,12.524,0,0,4.289,38.562,0,0,0,0,0,0,19.6,5.6,44.86,1.221,5.9,-9.009,400.579,14/1/2012
17,17,0,0,0,0,0,2.798,35.521,0,42.668,0,0,35.201,22.001,0,49.95,0,0,25.189,0,0,29.335,26.664,4.307,0,0,0,3.542,38.262,0,0,0,0,0,0,19.5,5.6,40,11.475,-.7,-11.005,380.768,14/1/2012
18,18,0,0,0,0,0,2.703,34.873,0,43.28,0,0,36.601,22.501,44.199,49.432,0,0,25.662,0,0,32.277,25.08,14.944,23.311,0,0,4.008,38.262,0,0,0,0,0,0,19.4,5.92,47.3,-8.179,6.2,-5.512,477.244,14/1/2012
19,19,0,0,0,0,0,2.769,35.345,0,42.835,0,0,38.301,22.501,43.953,49.728,0,0,25.662,0,0,31.177,24.024,22.19,21.876,20.276,20.645,3.973,38.163,0,0,0,0,0,0,19.5,5.84,47.3,6.958,6.5,-9.906,512.506,14/1/2012
20,20,0,0,0,0,0,2.791,35.168,0,42.807,0,0,38.901,22.501,43.898,50.246,0,0,25.662,0,0,31.199,25.08,19.073,19.483,16.94,17.254,4.131,38.463,0,0,0,0,0,0,19.3,5.84,47.3,11.109,3.6,-12.214,503.542,14/1/2012
21,21,0,0,0,0,0,2.754,35.168,0,43.057,0,0,35.701,22.501,43.718,49.876,0,0,25.662,0,0,32.277,26.004,12.989,9.899,15.026,0,3.252,38.662,0,0,0,0,0,0,19.4,6,47.3,1.221,4.8,-9.503,472.718,14/1/2012
22,22,0,0,0,0,0,2.717,17.876,0,43.141,0,0,38.301,22.501,0,49.58,0,0,25.662,0,0,30.638,25.608,14.206,16.393,14.875,0,4.122,38.862,0,0,0,0,0,0,19.2,6.22,47.3,-1.465,8.9,-5.713,415.48,14/1/2012
23,23,0,0,0,0,0,2.673,0,0,42.445,0,0,38.201,22.401,0,49.802,0,0,25.662,0,0,30.211,24.288,12.989,13.563,0,0,4.043,38.262,0,0,0,0,0,0,19.4,6.3,47.3,9.888,3.1,-14.411,378.963,14/1/2012
0,00,0,0,0,0,0,2.717,0,0,42.751,0,0,33.601,21.401,0,49.728,3.33,0,25.662,0,0,28.796,25.476,6.576,6.221,0,0,4.078,37.264,0,0,0,0,0,0,19.2,6.3,42,15.87,1.8,-10.602,348.033,15/1/2012
1,01,0,0,0,0,0,2.717,0,0,42.974,0,0,39.101,22.201,0,50.098,5.55,0,25.662,0,0,30.84,29.172,7.889,7.41,0,0,4.078,38.262,0,0,0,0,0,0,19.4,6.45,0,26.49,-8.1,-18.915,332.329,15/1/2012
2,02,0,0,0,0,0,2.703,0,0,23.658,0,0,39.301,22.601,0,49.284,6.956,0,25.662,0,0,31.177,28.776,18.635,0,0,0,4.078,38.763,0,0,0,0,0,0,19.5,6.45,0,17.212,-.9,-15.418,316.65,15/1/2012
3,03,0,0,0,0,0,2.71,0,0,0,0,0,39.401,22.501,0,49.506,11.1,0,25.662,0,0,30.548,26.136,15.682,15.258,0,0,4.272,37.663,0,0,0,0,0,0,19.5,6.46,0,18.555,-2.6,-19.007,309.451,15/1/2012
4,04,0,0,0,0,0,2.754,0,0,0,0,0,39.301,22.401,0,50.098,12.728,0,25.662,0,0,29.2,28.248,16.284,16.858,0,0,3.375,38.562,0,0,0,0,0,0,19.5,6.45,0,20.631,-3.8,-18.11,312.7,15/1/2012
5,05,0,0,0,0,0,2.71,0,0,0,0,0,39.301,22.401,0,49.358,5.92,0,25.3,0,0,29.492,28.38,23.612,24.843,0,0,4.034,37.863,0,0,0,0,0,0,19.2,6.3,0,25.636,-3.5,-17.615,314.193,15/1/2012
6,06,0,0,0,0,0,2.717,0,0,0,0,0,38.501,22.301,0,50.246,16.354,0,25.3,0,0,29.964,27.852,22.682,22.969,0,0,4.158,38.063,0,0,0,0,0,0,19.5,6.38,0,37.477,-11.2,-21.717,322.427,15/1/2012
7,07,0,0,0,0,0,2.717,0,0,0,0,0,36.701,20.101,0,50.542,16.502,0,25.3,0,0,30.772,28.38,6.44,0,17.241,17.432,4.175,38.163,0,0,0,0,0,0,19.3,6.23,0,22.095,-9,-18.11,325.011,15/1/2012
8,08,0,0,0,0,0,2.783,0,0,0,0,0,39.301,20.601,0,50.394,16.428,0,25.718,0,0,29.807,25.344,0,0,22.423,0,4.07,38.262,0,0,0,0,0,0,19.4,6.15,37.8,26.612,-7.8,-22.01,341.679,15/1/2012
9,09,0,0,0,0,0,2.732,0,0,0,0,0,39.201,20.501,0,50.172,16.65,0,25.718,0,0,29.672,28.512,13.413,0,15.491,0,3.99,38.363,0,0,0,0,0,0,19.7,6,37.8,42.116,-9,-24.519,339.318,15/1/2012
10,10,0,0,0,0,0,2.776,0,0,0,0,0,39.301,20.601,0,50.024,16.65,0,25.272,0,0,31.581,25.608,12.866,0,16.475,0,3.92,38.262,0,0,0,0,0,0,19.2,5.73,44,36.866,-13.7,-21.809,350.909,15/1/2012
11,11,0,0,0,0,0,2.739,0,0,0,0,0,38.401,20.501,0,50.246,16.576,0,25.328,0,0,30.346,26.136,7.383,0,13.782,0,3.88,38.862,0,0,0,0,0,0,19.4,5.76,47.3,21.973,-7.8,-18.11,350.577,15/1/2012
12,12,0,0,0,0,0,2.739,0,0,0,0,0,38.801,22.701,0,50.394,16.428,0,25.217,0,0,27.695,24.684,14.411,0,15.86,0,3.73,38.063,0,0,0,0,0,0,19.5,5.76,47.3,30.885,-11,-20.307,353.705,15/1/2012
13,13,0,0,0,0,0,2.659,0,0,0,0,0,38.701,22.601,0,49.802,16.206,0,24.938,0,0,29.11,24.156,14.424,0,13.7,0,3.85,37.863,0,0,0,0,0,0,20.2,5.6,47.3,12.329,-2.6,-14.118,355.499,15/1/2012
14,14,0,0,0,0,0,2.761,0,0,0,0,0,39.201,22.501,0,50.986,16.798,0,24.938,0,0,29.088,23.628,7.274,0,16.051,0,3.83,37.363,0,0,0,0,0,0,20.2,5.5,47.3,33.692,-10.3,-22.816,346.843,15/1/2012
15,15,0,0,0,0,0,2.769,2.262,0,0,0,0,37.401,22.501,0,51.134,16.798,0,24.938,0,0,31.109,28.512,13.672,12.524,16.161,16.516,3.78,38.962,0,0,0,0,0,0,20.4,5.4,0,49.562,-17.501,-25.013,337.791,15/1/2012
16,16,0,0,0,0,0,2.747,2.616,0,0,0,0,35.201,22.701,1.538,50.69,16.354,0,25.161,0,0,29.941,26.136,13.454,8.805,14.602,15.245,3.81,38.862,0,0,0,0,0,0,20.2,5.5,0,29.664,-11,-19.703,334.591,15/1/2012
17,17,0,0,0,0,0,2.725,0,0,2.282,9.958,30.587,23.701,18.901,0,50.098,0,0,25.411,0,0,29.38,25.74,24.118,24.938,24.405,24.255,3.91,0,0,0,0,0,0,0,19.6,5.67,0,44.313,-19.401,-22.907,343.674,15/1/2012
18,18,0,0,0,0,0,2.761,35.639,0,42.723,0,0,36.701,20.801,13.532,51.06,8.51,0,25.272,0,0,29.672,24.288,22.928,22.135,16.202,16.475,3.8,0,0,0,0,0,0,0,19.5,5.8,47.3,28.199,-9.9,-21.918,448.718,15/1/2012
19,19,0,0,0,0,0,2.725,34.991,0,43.308,0,0,36.501,21.501,36.995,50.098,16.428,0,25.439,0,0,30.997,25.476,16.01,15.094,14.561,14.93,3.72,21.979,0,0,0,0,0,0,19.4,5.92,47.3,-4.273,8.9,-4.614,483.36,15/1/2012
20,20,0,0,0,0,0,2.798,36.081,0,43.252,0,0,38.901,20.401,43.624,51.134,16.798,0,25.439,0,0,30.503,26.796,8.108,7.055,15.573,16.051,3.78,21.879,0,0,0,0,0,0,19.4,5.92,47.3,11.475,6.1,-7.508,470.726,15/1/2012
21,21,0,0,0,0,0,2.703,18.642,0,42.863,0,0,36.201,17.601,0,50.024,16.28,0,25.439,0,0,30.099,22.572,12.606,13.399,14.78,15.122,3.86,38.262,0,0,0,0,0,0,19.8,6.07,47.3,4.639,3.6,-8.405,433.789,15/1/2012
22,22,0,0,0,0,0,2.791,0,0,43.475,0,0,37.501,21.401,0,50.986,16.724,0,25.439,0,0,28.167,25.74,13.454,25.184,15.983,16.612,3.81,38.962,0,0,0,0,0,0,20.4,6.3,0,14.649,3.6,-13.001,387.681,15/1/2012
23,23,0,0,0,0,0,2.754,0,0,42.779,0,0,39.401,22.601,0,50.32,0,0,25.439,0,0,30.458,24.816,16.12,18.239,0,0,3.85,38.262,0,0,0,0,0,0,19.7,6.4,0,-5.371,9,-5.402,342.912,15/1/2012
0,00,0,0,0,0,0,2.82,0,0,42.946,0,0,39.401,22.601,0,50.542,0,0,25.439,0,0,30.593,24.948,8.121,7.151,0,0,3.753,38.063,0,0,0,0,0,0,19.4,6.45,0,9.522,4.9,-9.412,317.198,16/1/2012
1,01,0,0,0,0,0,2.739,0,0,8.294,0,0,37.601,20.501,0,43.734,14.208,0,26.386,0,0,30.143,25.872,17.131,0,0,0,3.753,37.863,0,0,0,0,0,0,19.6,6.5,0,-8.667,5.3,-7.215,305.007,16/1/2012
2,02,0,0,0,0,0,2.732,0,0,0,0,0,36.201,20.501,0,44.178,14.578,0,25.634,0,0,28.796,24.288,16.694,17.583,0,0,3.815,38.463,0,0,0,0,0,0,19.9,6.5,0,-2.197,10.1,-3.717,295.707,16/1/2012
3,03,0,0,0,0,0,2.703,0,0,0,0,0,20.301,14.4,0,49.802,0,0,25.634,0,0,30.615,26.136,23.38,24.077,0,0,3.692,38.262,0,0,0,0,0,0,19.7,6.46,0,-4.883,-.7,-3.314,294.059,16/1/2012
4,04,0,0,0,0,0,2.761,0,0,0,0,0,29.801,16.401,0,54.538,17.612,0,25.634,0,0,28.324,24.42,23.667,23.981,24.091,0,3.48,0,0,0,0,0,0,0,19.4,6.38,0,4.517,-1.4,-9.412,306.835,16/1/2012
5,05,0,0,0,0,0,2.776,0,0,42.64,0,0,39.401,22.401,0,51.208,16.724,0,25.634,0,0,31.064,25.476,17.583,18.663,0,0,3.797,0,0,0,0,0,0,0,20,6.3,23,21.973,3.6,-12.214,333.308,16/1/2012
6,06,0,0,0,0,0,2.805,0,0,42.584,0,0,36.201,22.501,0,50.764,16.576,0,25.634,0,0,31.199,24.288,16.024,16.762,0,0,3.85,33.967,0,0,0,0,0,0,19.6,6.45,0,4.883,4.1,-7.801,348.023,16/1/2012
7,07,0,0,0,0,0,2.783,0,0,42.863,0,0,38.901,22.601,0,50.912,16.798,0,25.634,0,0,31.963,0,9.912,10.651,0,0,3.947,38.562,0,0,0,0,0,0,19.7,6.3,47.5,1.465,5.5,-7.105,369.167,16/1/2012
8,08,0,0,0,0,0,2.688,34.726,0,41.193,0,0,36.401,21.401,0,50.542,16.576,0,25.634,0,0,29.851,0,13.454,14.465,15.559,0,3.744,38.163,0,0,0,0,0,0,19.2,6.5,47.5,-2.075,2.4,-8.002,425.274,16/1/2012
9,09,0,0,0,0,0,0,35.463,0,40.246,0,0,25.601,15.601,45.419,50.468,16.502,0,25.634,0,0,30.525,8.448,16.174,17.118,15.19,15.327,3.735,38.463,0,0,0,0,0,0,19.2,6.2,47.5,4.517,-2.3,-7.306,477.903,16/1/2012
10,10,0,0,0,0,0,0,35.256,0,40.079,0,0,36.401,22.601,47.935,50.246,16.502,0,25.634,0,0,29.357,10.032,12.92,13.754,14.315,15.012,3.612,38.562,0,0,0,0,0,0,19,3.6,47.5,-16.114,12.1,1.392,484.94,16/1/2012
11,11,0,0,0,0,0,0,35.433,0,39.606,0,0,36.601,22.201,47.951,50.32,16.65,0,25.634,0,0,29.649,22.572,13.768,14.479,15.135,15.409,3.305,38.662,0,0,0,0,0,0,19,0,47.5,3.662,10,-4.01,484.223,16/1/2012
12,12,0,0,0,0,0,0,33.342,0,39.578,0,0,25.401,17.701,47.99,50.024,16.428,0,25.634,0,0,31.401,21.12,18.184,18.991,14.575,14.944,3.656,37.863,0,0,0,0,0,0,19,5.7,47.5,-12.329,11.2,3.79,486.371,16/1/2012
13,13,0,0,0,0,0,0,34.343,0,40.803,0,0,30.601,21.501,48.009,51.208,16.872,0,25.634,0,0,30.795,22.044,9.201,12.592,15.094,15.573,3.955,38.662,0,0,0,0,0,0,19,5.6,47.5,15.748,0.3,-9.815,482.754,16/1/2012
14,14,0,0,0,0,0,1.567,34.166,0,40.219,0,0,39.501,22.601,47.9,50.986,16.576,0,25.634,0,0,29.357,24.552,11.854,12.715,15.791,16.229,3.568,38.363,0,0,0,0,0,0,19,5.4,47.5,0,15.2,-4.413,492.692,16/1/2012
15,15,0,0,0,0,0,0,33.901,0,40.274,0,0,39.501,22.401,48.021,50.838,16.65,0,25.634,0,0,30.772,26.4,19.811,15.122,15.559,0,3.727,38.562,0,0,0,0,0,0,19,5.6,47.5,2.686,5.2,-9.101,500.488,16/1/2012
16,16,0,0,0,0,0,1.553,33.931,0,41.666,0,0,36.801,22.601,48.013,50.912,16.724,0,25.189,0,0,31.514,24.684,14.971,13.891,0,0,3.823,39.162,0,0,0,0,0,0,19,5.6,47.5,-17.212,9.9,-5.31,490.157,16/1/2012
17,17,0,0,0,0,0,0,34.166,0,42.751,0,0,33.701,22.201,48.158,51.282,16.576,0,25.745,0,0,31.379,25.344,7.26,6.987,0,0,2.707,38.262,0,0,0,0,0,0,19,5.8,47.5,0,5.8,-7.416,460.435,16/1/2012
18,18,0,0,0,0,0,0,36.611,0,43.03,0,0,36.301,22.501,47.999,50.912,16.798,0,25.384,0,0,31.693,24.156,10.952,21.342,14.684,14.766,3.727,38.463,0,0,0,0,0,0,19,5.8,47.5,15.992,9.4,-2.509,488.736,16/1/2012
19,19,0,0,0,0,0,0,36.936,0,42.863,0,0,38.701,22.501,47.906,51.43,16.798,0,25.69,0,0,31.806,24.552,20.673,20.631,21.479,21.657,3.674,38.962,0,0,0,0,0,0,19.2,5.8,47.5,20.997,0,-13.202,530.964,16/1/2012
20,20,0,0,0,0,0,0,36.435,0,42.835,0,0,39.001,22.501,47.992,50.69,16.576,0,25.69,0,0,28.279,26.004,13.372,13.454,18.006,18.594,3.375,37.963,0,0,0,0,0,0,19.7,6,47.5,-34.059,20.201,7.086,520.739,16/1/2012
21,21,0,0,0,0,0,0,36.906,0,42.779,0,0,36.701,22.401,0,51.06,16.946,0,25.495,0,0,31.469,25.476,11.389,10.172,16.68,9.612,3.621,38.562,0,0,0,0,0,0,20.4,6.07,47.5,-10.743,6.2,-6.812,464.594,16/1/2012
22,22,0,0,0,0,0,0,0,0,43.085,0,0,39.501,22.401,0,47.5,16.486,0,25.161,0,0,30.66,24.024,13.795,22.491,0,0,3.727,37.863,0,0,0,0,0,0,20,6.23,47.5,6.348,4.8,-8.203,397.479,16/1/2012
23,23,0,0,0,0,0,0,0,0,43.28,0,0,36.501,22.401,0,50.542,0,0,25.161,0,0,30.885,26.664,7.26,16.407,0,0,3.859,38.363,0,0,0,0,0,0,20,6.3,40,7.08,5.5,-8.918,363.961,16/1/2012
0,00,0,0,0,0,0,0,0,0,43.113,0,0,39.301,22.601,0,50.468,0,0,25.161,0,0,27.066,26.136,21.383,20.659,0,0,3.454,38.862,0,0,0,0,0,0,20,6.23,0,11.841,1.6,-12.415,343.408,17/1/2012
1,01,0,0,0,0,0,0,0,0,42.696,0,0,39.101,22.601,0,50.764,16.798,0,25.523,0,0,30.391,26.796,0,11.58,0,0,3.648,38.862,0,0,0,0,0,0,19.4,6.3,0,0,7.4,-7.105,334.165,17/1/2012
2,02,0,0,0,0,0,0,0,0,43.085,0,0,37.301,22.501,0,50.468,16.576,0,25.523,0,0,30.615,27.456,0,7.246,0,0,3.859,38.562,0,0,0,0,0,0,20.2,6.3,0,3.296,6.4,-7.013,327.009,17/1/2012
3,03,0,0,0,0,0,0,0,0,43.67,0,0,39.101,22.601,0,44.548,14.504,0,25.523,0,0,29.38,28.116,0,7.192,0,0,3.059,37.963,0,0,0,0,0,0,20.7,6.3,0,11.353,4.9,-8.203,314.607,17/1/2012
4,04,0,0,0,0,0,0,0,0,43.252,0,0,38.701,22.101,0,44.696,14.504,0,25.523,0,0,29.851,26.928,0,12.879,0,0,3.648,38.163,0,0,0,0,0,0,20.8,6.38,0,-1.221,10.8,-3.406,321.253,17/1/2012
5,05,0,0,0,0,0,0,0,0,42.863,0,0,34.001,21.601,0,50.616,16.798,0,25.523,0,0,29.762,27.06,15.559,14.752,0,0,3.718,38.463,0,0,0,0,0,0,20.5,6.46,0,-4.639,6.8,-8.808,354.323,17/1/2012
6,06,0,0,0,0,0,0,0,0,43.224,0,0,39.401,22.401,0,50.542,16.65,0,25.523,0,0,30.121,25.872,18.977,14.397,0,0,3.639,38.262,0,0,0,0,0,0,20.7,6.5,0,16.48,-5.1,-17.304,362.163,17/1/2012
7,07,0,0,0,0,0,0,0,0,42.334,0,0,39.501,22.501,0,50.986,16.798,0,25.523,11.3,0,31.851,25.872,23.325,25.048,0,0,0,37.863,0,0,0,0,0,0,20.4,6.45,0,-5.249,9.5,-6.317,381.818,17/1/2012
8,08,0,0,0,0,0,0,0,0,40.107,0,0,33.401,20.501,0,51.356,16.946,0,25.745,25.411,0,33.131,25.872,21.534,25.061,18.239,0,3.51,37.663,0,0,0,0,0,0,0,6.04,47.1,3.662,8.7,-4.01,423.265,17/1/2012
9,09,0,0,0,0,0,0,33.371,0,41.193,0,0,34.601,20.701,0,50.69,16.502,0,25.718,25.495,0,30.435,26.004,16.626,21.63,19.756,18.581,3.815,38.7,0,0,0,0,0,0,0,5.95,47.1,-15.015,18.001,5.896,467.986,17/1/2012
10,10,0,0,0,0,0,0,33.165,0,39.189,0,0,31.701,21.601,33.023,43.808,13.912,0,25.634,25.662,0,31.356,25.872,11.526,14.465,15.204,15.545,3.498,38.8,0,0,0,0,0,0,20.4,5.84,40,-33.57,22.901,8.991,491.879,17/1/2012
11,11,0,0,0,0,0,0,34.137,0,40.191,0,0,37.101,22.201,19.993,50.69,16.65,0,25.495,25.745,0,28.436,26.532,15.122,16.27,16.502,15.122,3.445,38.9,0,0,0,0,0,0,19.2,5.58,47.1,-7.935,11.3,-7.013,508.06,17/1/2012
12,12,0,0,0,0,0,0,33.666,0,41.165,0,0,15.701,14.7,19.778,50.838,16.724,0,25.495,25.356,0,28.347,26.664,20.249,21.083,20.085,19.538,3.524,38.5,0,0,0,0,0,0,20.1,5.56,47.1,-18.067,10.9,12.488,488.852,17/1/2012
13,13,0,0,0,0,0,0,30.955,0,40.358,0,0,18.401,11.4,19.868,50.616,16.724,0,25.439,25.411,0,30.009,26.136,17.241,23.885,20.194,19.483,3.454,38.6,0,0,0,0,0,0,19.4,5.4,47.1,-19.166,9.1,8.386,491.754,17/1/2012
14,14,0,0,0,0,0,0,33.165,0,39.94,0,0,27.601,18.201,29.18,50.764,16.576,0,25.439,25.384,0,30.75,26.004,11.827,18.512,14.616,15.299,3.524,39,0,0,0,0,0,0,19.3,5.5,47.1,-25.147,10.2,4.285,508.364,17/1/2012
15,15,0,0,0,0,0,0,33.813,0,40.358,0,0,29.701,22.201,29.48,50.986,16.798,0,25.439,25.384,0,34.276,25.212,11.717,16.106,15.983,15.874,3.305,38.7,0,0,0,0,0,0,19.4,5.36,47.1,-12.574,9.3,1.392,509.075,17/1/2012
16,16,0,0,0,0,0,1.641,34.579,0,40.914,0,0,29.601,18.001,29.422,50.764,16.798,0,25.801,25.384,0,33.917,26.664,14.247,15.231,17.446,0,3.445,38.8,0,0,0,0,0,0,19.5,5.5,47.1,0,1.2,-4.01,497.585,17/1/2012
17,17,0,0,0,0,0,1.575,35.492,0,38.883,0,0,27.601,21.401,22.177,51.208,16.946,0,25.272,25.411,0,33.85,22.836,10.952,8.696,0,0,3.524,39.1,0,0,0,0,0,0,19.8,6.15,47.3,-9.4,6,-2.307,463.881,17/1/2012
18,18,0,0,0,0,0,0,34.932,0,41.777,0,0,34.901,21.101,28.963,51.06,16.798,0,25.634,25.411,0,23.27,26.004,24.132,24.583,0,24.173,3.34,39.1,0,0,0,0,0,0,19.4,6.07,47.3,28.687,-3.1,-13.715,506.077,17/1/2012
19,19,0,0,0,0,0,9.134,35.05,0,41.026,0,0,26.101,19.001,47.506,50.616,16.724,0,25.634,25.411,0,29.649,29.568,21.889,21.411,15.012,14.684,3.533,38.063,0,0,0,0,0,0,19.3,6.15,47.3,0,3.9,-5.512,544.424,17/1/2012
20,20,0,0,0,0,0,9.141,34.844,0,41.137,0,0,38.501,22.501,32.396,51.06,16.798,0,25.606,25.411,0,31.177,24.948,13.59,12.77,14.766,14.561,3.12,38.5,0,0,0,0,0,0,19.4,6.2,47.3,8.789,6.4,-7.709,516.247,17/1/2012
21,21,0,0,0,0,0,9.148,35.168,0,41.36,0,0,22.701,16.301,0,52.318,14.208,0,25.606,25.411,0,25.584,26.928,15.368,18.622,14.903,14.821,3.445,38.7,0,0,0,0,0,0,19.3,6.4,47.3,-6.714,8.6,1.886,469.82,17/1/2012
22,22,0,0,0,0,0,9.287,0,0,41.527,0,0,22.601,16.301,0,53.354,14.8,0,25.606,25.801,0,34.591,26.796,11.991,8.873,0,0,3.533,38.9,0,0,0,0,0,0,19.4,6.2,42,-27.711,11.6,4.285,413.387,17/1/2012
23,23,0,0,0,0,0,0,0,0,42.083,0,0,31.401,18.501,0,48.766,0,0,25.606,25.773,0,30.615,23.1,6.672,10.774,0,0,3.507,38.4,0,0,0,0,0,0,19.2,6.4,34,-1.709,8.6,-3.516,361.423,17/1/2012
0,00,0,0,0,0,0,0,0,0,41.471,0,0,27.001,19.401,0,48.766,0,0,25.606,25.773,0,29.38,26.928,15.833,15.778,0,0,3.524,38.5,0,0,0,0,0,0,20,5.5,0,-1.709,6.3,-4.907,340.26,18/1/2012
1,01,0,0,0,0,0,0,0,0,41.471,0,0,32.401,20.901,0,49.136,0,0,25.606,25.773,0,28.099,26.004,8.408,10.91,0,0,3.586,38.2,0,0,0,0,0,0,20,5.5,0,0,5.1,-4.907,332.22,18/1/2012
2,02,0,0,0,0,0,0,0,0,41.415,0,0,28.801,14.2,0,48.322,0,0,25.885,25.801,0,24.82,21.912,0,25.048,0,0,3.252,38.2,0,0,0,0,0,0,20,5.5,0,3.906,0.1,-6.006,321.91,18/1/2012
3,03,0,0,0,0,0,0,0,0,41.61,0,0,19.901,15.401,0,48.47,0,0,25.885,25.801,0,32.502,16.632,10.993,14.342,0,0,3.419,38.5,0,0,0,0,0,0,20,5.5,0,-20.386,-1.2,4.193,332.93,18/1/2012
4,04,0,0,0,0,0,0,0,0,41.554,0,0,26.101,20.701,0,48.174,0,0,25.857,25.801,0,30.121,25.872,9.475,14.315,0,0,3.542,38.6,0,0,0,0,0,0,20,5.5,0,5.371,0.6,-6.409,332.51,18/1/2012
5,05,0,0,0,0,0,0,0,0,42,0,0,31.001,22.201,0,49.136,0,0,25.857,25.801,0,29.29,29.832,16.749,18.006,0,0,3.568,38.7,0,0,0,0,0,0,20,5.5,0,17.457,-1.3,-7.617,345.54,18/1/2012
6,06,0,0,0,0,0,0,0,0,41.443,0,0,33.201,20.901,0,48.544,0,0,25.662,25.801,0,33.153,26.532,0,8.026,0,0,3.34,38.8,0,0,0,0,0,0,20,5.5,40,0,9.6,-3.406,321.36,18/1/2012
7,07,0,0,0,0,0,0,0,0,41.332,0,0,35.001,21.301,0,50.32,9.768,0,25.662,25.411,0,0,28.38,18.553,19.305,0,0,3.63,38.5,0,0,0,0,0,0,20,5.5,47.3,-1.831,5,-6.006,341.87,18/1/2012
8,08,0,0,0,0,0,0,33.165,0,39.356,0,0,32.401,19.401,0,50.542,16.65,0,25.69,25.69,0,10.4,27.852,12.893,18.745,0,0,3.48,38.6,0,0,0,0,0,0,20,5.5,47.3,-10.62,7.7,-1.209,381.02,18/1/2012
9,09,0,0,0,0,0,0,33.636,0,40.024,0,0,34.401,22.501,0,51.06,16.798,0,25.634,25.718,0,18.8,27.456,14.534,20.262,15.846,15.163,3.313,36.5,0,0,0,0,0,0,20,5.5,47.3,0,5.7,-7.709,425.84,18/1/2012
10,10,0,0,0,0,0,0,32.163,0,40.163,0,0,39.401,22.601,32.658,50.912,16.502,0,24.855,25.578,0,13.859,26.268,11.444,19.032,15.477,14.493,3.489,38.5,0,0,0,0,0,0,20,5.5,47.3,9.033,1.1,-8.918,448.19,18/1/2012
11,11,0,0,0,0,0,0,33.783,0,40.246,0,0,31.201,20.601,32.729,50.912,16.65,0,25.467,25.745,0,9.793,27.192,24.227,24.884,24.104,23.68,3.612,0,0,0,0,0,0,0,20,5.5,47.3,-16.846,7.1,-4.816,451.28,18/1/2012
12,12,0,0,0,0,0,0,35.374,0,40.441,0,0,39.301,22.601,43.916,51.208,16.946,0,25.356,25.662,0,14.331,25.74,16.147,13.549,19.524,18.813,3.006,10,0,0,0,0,0,0,20,5.5,47.3,4.028,6.7,0.183,433.5,18/1/2012
13,13,0,0,0,0,0,0,35.168,0,39.662,0,0,34.601,21.201,32.899,50.764,16.724,0,25.495,25.551,0,13.859,26.136,8.846,7.903,15.723,15.641,3.375,38.6,0,0,0,0,0,0,20,5.5,47.3,-20.386,15.1,3.699,435.86,18/1/2012
14,14,0,0,0,0,0,0,33.43,0,38.159,0,0,35.101,21.701,32.714,50.912,16.502,0,25.467,25.634,0,13.028,26.796,8.19,13.987,17.405,15.286,3.498,38.6,0,0,0,0,0,0,20,5.5,47.3,0,9.7,-5.402,434.12,18/1/2012
15,15,0,0,0,0,0,0,33.577,0,39.773,0,0,30.301,16.301,39.973,50.764,16.65,0,25.467,25.244,0,13.275,23.892,16.584,16.284,14.452,14.055,3.41,38.3,0,0,0,0,0,0,20.5,5.5,47.3,-3.784,0.4,-6.317,450.58,18/1/2012
16,16,0,0,0,0,0,0,34.314,0,40.052,0,0,37.801,22.501,25.481,51.356,16.502,0,25.467,25.244,0,12.713,25.608,13.454,15.915,15.696,15.053,3.375,38.7,0,0,0,0,0,0,20.5,5.5,47.3,38.942,-9.9,-20.014,432.82,18/1/2012
17,17,0,0,0,0,0,0,36.553,0,39.857,0,0,36.901,22.501,11.801,51.134,16.798,0,25.05,25.356,0,13.028,28.38,15.915,18.745,0,0,3.34,37.8,0,0,0,0,0,0,20.5,5.5,47.3,-5.127,7.7,-3.406,406.67,18/1/2012
18,18,0,0,0,0,0,7.625,36.759,0,42.417,0,0,37.101,21.801,12.192,50.616,16.576,0,25.523,25.356,0,10.984,22.44,23.448,24.733,0,22.6,3.621,38.3,0,0,0,0,0,0,20.5,5.5,47.3,-29.298,13.8,-2.509,462.49,18/1/2012
19,19,0,0,0,0,0,9.221,36.7,0,43.085,0,0,37.201,22.501,47.568,51.134,16.502,0,25.356,25.356,0,10.916,25.872,22.969,23.885,16.68,16.571,3.507,38.227,0,0,0,0,0,0,20.5,5.5,47.3,-6.226,8.2,-3.204,496.99,18/1/2012
20,20,0,0,0,0,0,9.134,36.523,0,42.779,0,0,29.801,18.401,47.786,50.764,16.724,0,25.578,25.384,0,12.017,21.912,17.637,19.223,14.37,14.301,3.279,38.4,0,0,0,0,0,0,20.5,5.5,47.3,2.93,-1.1,-7.215,472.11,18/1/2012
21,21,0,0,0,0,0,9.17,36.67,0,42.863,0,0,26.901,17.201,8.764,50.912,16.28,0,25.578,25.384,0,9.254,23.364,10.952,12.196,14.999,15.094,3.577,38.5,0,0,0,0,0,0,20.5,5.5,47.3,-11.597,9.4,1.282,410.98,18/1/2012
22,22,0,0,0,0,0,7.171,37.318,0,43.085,0,0,24.301,17.201,0,51.282,16.502,0,25.578,25.384,0,10.04,22.836,7.807,6.153,0,0,3.191,38.7,0,0,0,0,0,0,20.5,5.5,47.3,9.4,1.2,-6.61,355.37,18/1/2012
23,23,0,0,0,0,0,0,0,0,42.556,0,0,26.901,17.501,0,48.618,0,0,25.551,25.578,0,9.501,25.872,13.891,14.438,0,0,2.478,38.6,0,0,0,0,0,0,20.5,5.5,47.3,-5.982,3.8,-1.209,318.4,18/1/2012
0,00,0,0,0,0,0,0,0,0,42.779,0,0,18.001,13.8,0,48.692,0,0,25.606,25.523,0,5.4,22.572,20.714,24.637,0,0,3.085,38.2,0,0,0,0,0,0,19.7,6.3,28.3,-10.132,6,5.695,341.741,19/1/2012
1,01,0,0,0,0,0,0,0,0,42.779,0,0,37.401,22.701,0,48.914,1.036,0,25.606,25.495,0,6.5,26.664,7.821,9.256,0,0,3.08,38.7,0,0,0,0,0,0,19.4,6.38,0,5.249,9.2,-7.91,315.194,19/1/2012
2,02,0,0,0,0,0,0,0,0,43.03,0,0,25.801,15.901,0,44.326,14.504,0,25.551,25.69,0,6.4,25.608,0,26.374,0,0,3.1,38.1,0,0,0,0,0,0,19.4,6.38,0,3.784,0.9,-4.303,319.784,19/1/2012
3,03,0,0,0,0,0,0,0,0,0,0,0,31.601,21.401,0,52.91,17.242,0,25.523,25.328,0,6,27.852,20.29,19.838,0,0,3.12,38.2,0,0,0,0,0,0,19.5,6.46,0,5.982,3.4,-9.906,315.789,19/1/2012
4,04,0,0,0,0,0,0,0,0,43.252,0,0,39.501,22.601,0,44.622,14.726,0,25.523,25.328,0,7.1,26.532,0,8.641,0,0,3.243,38.6,0,0,0,0,0,0,19.5,6.5,0,10.376,1.9,-8.716,322.016,19/1/2012
5,05,0,0,0,0,0,0,0,0,43.002,0,0,17.001,12.7,0,50.246,16.576,0,25.523,25.272,0,12,23.364,22.573,25.02,0,0,3.1,38.6,0,0,0,0,0,0,19.5,6.5,0,7.08,-7.9,-5.31,347.107,19/1/2012
6,06,0,0,0,0,0,0,0,0,42.696,0,0,32.801,17.801,0,50.098,16.354,0,25.523,25.718,0,14.2,23.364,16.762,10.035,0,0,3.09,38.1,0,0,0,0,0,0,19.5,6.45,18,3.906,2,-6.006,360.592,19/1/2012
7,07,0,0,0,0,0,0,0,0,41.666,0,0,39.301,22.601,0,50.764,16.798,0,25.523,25.467,0,12.4,21.252,16.94,22.012,0,0,3.252,38.8,0,0,0,0,0,0,19.4,6.4,19,-1.221,6.9,-5.713,381.628,19/1/2012
8,08,0,0,0,0,0,0,19.849,0,41.36,0,0,34.901,20.401,0,50.986,16.724,0,25.523,25.857,0,13.3,27.852,15.614,12.825,0,0,3.23,38.678,0,0,0,0,0,0,19.4,6.3,47.3,-4.028,7.6,-3.9,420.45,19/1/2012
9,09,0,0,0,0,0,0,35.728,0,39.996,0,0,31.701,20.101,0,50.912,16.872,0,25.523,25.773,0,12.8,24.288,20.126,22.696,0,22.094,3.22,38.6,0,0,0,0,0,0,19.4,6.15,47.3,7.324,-8.8,-11.408,476.164,19/1/2012
10,10,0,0,0,0,0,0,33.636,0,39.857,0,0,31.801,21.001,29.021,50.468,16.65,0,25.662,26.302,0,12.3,21.912,12.565,10.295,20.372,20.331,3.1,38.3,0,0,0,0,0,0,19.2,6.07,47.3,-13.062,11.5,1.19,486.515,19/1/2012
11,11,0,0,0,0,0,1.494,35.551,0,41.499,0,0,32.701,18.501,47.907,50.764,16.872,0,25.662,25.606,0,12.7,25.476,11.116,9.229,17.61,17.61,3.208,38.5,0,0,0,0,0,0,19.3,5.84,47.3,3.662,7.6,-1.3,494.466,19/1/2012
12,12,0,0,0,0,0,0,34.844,0,41.22,0,0,22.701,16.101,47.672,50.912,16.798,0,25.662,25.996,0,10,21.78,16.653,15.833,17.829,17.897,3.21,38.6,0,0,0,0,0,0,19.2,5.67,47.3,-18.433,14.3,8.991,491.02,19/1/2012
13,13,0,0,0,0,0,0,35.021,0,42.779,0,0,24.101,13.9,47.396,50.764,16.65,0,25.662,25.996,0,18.7,24.024,9.325,7.971,15.983,14.684,3.17,38.768,0,0,0,0,0,0,19.4,5.6,47.3,-10.01,4.2,-2.106,495.142,19/1/2012
14,14,0,0,0,0,0,0,36.081,0,39.857,0,0,17.001,11.9,40.86,50.69,16.724,0,25.662,25.996,0,17.3,23.628,20.755,23.038,20.112,20.098,3.21,38.7,0,0,0,0,0,0,19.4,5.52,47.3,-18.189,17.201,9.888,494.932,19/1/2012
15,15,0,0,0,0,0,0,36.788,0,41.888,0,0,11.3,7.5,47.368,51.134,16.798,0,25.662,25.996,0,32.1,27.192,14.643,17.2,18.047,17.213,3.9,38.5,0,0,0,0,0,0,19.2,5.76,47.3,15.748,-6.1,-3.406,499.247,19/1/2012
16,16,0,0,0,0,0,0,36.523,0,41.415,0,0,27.801,19.401,47.391,51.282,16.576,0,25.662,25.996,0,32.2,23.232,7.137,7.164,0,16.106,3.05,38.7,0,0,0,0,0,0,19.2,6.07,47.3,0,5.6,-1.703,488.309,19/1/2012
17,17,0,0,0,0,0,0,36.847,0,43.057,0,0,38.001,20.501,17.622,51.06,16.502,0,25.578,25.996,0,31.7,20.988,7.137,7.561,0,0,3.22,38.2,0,0,0,0,0,0,19.2,6.07,47.3,4.883,10.2,-5.109,446.566,19/1/2012
18,18,0,0,0,0,0,0,36.877,0,43.364,0,0,38.601,20.501,17.12,50.468,16.428,0,25.578,25.996,0,32.9,23.232,21.042,24.528,0,17.254,3.1,38.2,0,0,0,0,0,0,19.3,6.23,47.3,0,6.3,-7.801,509.52,19/1/2012
19,19,0,0,0,0,0,0,37.348,0,43.057,0,0,33.101,20.501,47.625,50.764,16.576,0,25.578,25.718,0,30,24.816,22.436,19.647,16.297,16.243,3.12,38.588,0,0,0,0,0,0,19.5,6.38,47.3,13.306,3.5,-6.61,534.411,19/1/2012
20,20,0,0,0,0,0,0,36.788,0,42.779,0,0,39.601,22.501,31.712,51.06,16.872,0,25.578,25.718,0,32.6,25.212,13.672,15.436,14.944,14.916,3,38.4,0,0,0,0,0,0,20.5,6.45,47.3,-15.625,19.201,2.893,518.57,19/1/2012
21,21,0,0,0,0,0,0,36.582,0,42.584,0,0,37.901,21.301,0,51.208,16.798,0,25.578,25.69,0,30.5,25.344,6.658,6.508,11.006,15.176,2.962,38.8,0,0,0,0,0,0,20.3,6.3,47.3,-23.316,6.4,-1.007,486.427,19/1/2012
22,22,0,0,0,0,0,0,0,0,43.336,0,0,36.801,22.501,0,50.69,16.65,0,25.578,25.551,0,30.7,26.004,7.356,7.26,0,0,2.9,38.5,0,0,0,0,0,0,20.3,6.4,47.3,3.052,9.4,-3.113,398.488,19/1/2012
23,23,0,0,0,0,0,0,0,0,43.057,0,0,27.601,21.201,0,50.32,16.724,0,25.411,25.411,0,31,23.892,15.45,19.852,0,0,2.9,38.537,0,0,0,0,0,0,19.7,6.4,0,6.47,-.2,-6.61,367.759,19/1/2012
0,00,0,0,0,0,0,0,0,0,22.238,0,0,37.101,20.601,0,50.468,16.428,0,25.411,25.411,0,33.76,27.06,7.903,19.36,0,0,3.129,38.938,0,0,0,0,0,0,19.8,6.5,0,2.564,7.5,-2.6,346.644,20/1/2012
1,01,0,0,0,0,0,0,0,0,0,0,0,31.401,21.801,0,50.764,16.872,0,25.411,25.356,0,30.975,26.796,15.217,15.381,0,0,2.865,38.418,0,0,0,0,0,0,20.1,6.5,0,3.784,3,-7.508,328.691,20/1/2012
2,02,0,0,0,0,0,0,0,0,0,0,0,33.701,22.601,0,50.616,16.65,0,25.384,25.439,0,31.828,27.72,10.76,11.061,0,0,2.804,37.877,0,0,0,0,0,0,19.6,6.5,0,0,5.7,-4.102,320.943,20/1/2012
3,03,0,0,0,0,0,0,0,0,0,0,0,39.201,22.001,0,50.468,16.354,0,25.384,25.523,0,31.671,27.852,6.959,6.905,0,0,3.032,38.697,0,0,0,0,0,0,20.5,6.5,0,-1.465,8.1,-5.805,320.327,20/1/2012
4,04,0,0,0,0,0,0,0,0,0,0,0,30.201,21.701,0,50.986,16.946,0,25.384,25.523,0,32.457,29.964,12.77,17.227,0,0,2.057,38.567,0,0,0,0,0,0,20.4,6.5,0,3.174,5.1,-3.607,326.066,20/1/2012
5,05,0,0,0,0,0,0,0,0,41.22,0,0,39.201,22.501,0,50.838,0,0,25.495,25.634,0,31.896,27.984,0,16.926,0,0,2.83,38.267,0,0,0,0,0,0,21.1,6.38,0,-6.348,12,-.806,345.426,20/1/2012
6,06,0,0,0,0,0,0,0,0,41.471,0,0,37.901,22.401,0,50.764,16.724,0,25.439,25.3,0,31.401,29.304,0,20.358,0,0,2.892,38.447,0,0,0,0,0,0,20.7,6.32,0,4.273,7,-4.614,362.763,20/1/2012
7,07,0,0,0,0,0,0,0,0,40.079,0,0,38.101,22.501,0,50.764,16.798,0,25.439,25.578,0,31.985,26.4,9.147,16.762,0,0,3.041,38.967,0,0,0,0,0,0,20.8,6.39,0,4.883,-.4,-10.401,378.67,20/1/2012
8,08,0,0,0,0,0,0,0,0,39.105,0,0,38.901,22.101,0,50.838,16.798,0,25.439,25.606,0,29.807,26.004,20.071,20.413,0,0,3.094,37.468,0,0,0,0,0,0,20.4,6.3,37.4,13.184,0,-14.502,421.063,20/1/2012
9,09,0,0,0,0,0,0,34.579,0,37.658,0,0,38.901,22.501,0,50.764,16.65,0,25.439,25.606,0,31.716,26.136,12.756,15.409,0,14.452,3.015,38.768,0,0,0,0,0,0,19.7,4.74,37.4,-15.748,16.901,-.604,455.641,20/1/2012
10,10,0,0,0,0,0,0,34.608,0,38.549,0,0,37.101,18.801,0,51.06,16.724,0,25.857,25.606,0,31.918,27.588,13.549,13.399,16.338,15.368,3.076,38.817,0,0,0,0,0,0,19.1,5.85,47.3,-15.381,6,-4.01,494,20/1/2012
11,11,0,0,0,0,0,0,35.139,0,38.66,0,0,33.501,21.801,0,50.69,16.428,0,25.829,25.551,0,31.985,25.08,14.602,15.272,20.577,19.428,3.024,38.867,0,0,0,0,0,0,20.2,5.8,47.3,-12.452,17.601,3.296,481.329,20/1/2012
12,12,0,0,0,0,0,0,35.345,0,38.354,0,0,34.801,22.201,0,51.06,16.724,0,25.829,25.551,0,29.155,26.4,17.473,18.635,20.467,20.18,2.821,39.188,0,0,0,0,0,0,19.2,5.67,47.3,10.01,-1.2,-9.009,496.553,20/1/2012
13,13,0,0,0,0,0,1.304,35.168,0,39.523,0,0,33.501,22.301,0,50.912,16.798,0,25.829,25.551,0,32.412,22.704,9.174,10.446,17.651,18.102,3.041,38.797,0,0,0,0,0,0,19.4,5.67,47.3,-13.184,17.201,1.19,470.377,20/1/2012
14,14,0,0,0,0,0,0.732,36.759,0,38.716,0,0,15.1,12.1,0,50.986,16.576,0,25.829,25.551,0,31.716,24.816,23.749,24.405,24.296,24.05,2.883,38.068,0,0,0,0,0,0,20,5.72,47.3,-9.766,4.6,5.786,488.732,20/1/2012
15,15,0,0,0,0,0,0,36.611,0,38.075,0,0,20.201,18.201,15.485,50.616,16.724,0,25.467,25.94,0,31.469,24.816,12.401,13.235,20.809,19.046,3.068,38.588,0,0,0,0,0,0,20.2,6.5,47.3,-7.813,10.5,3.296,478.949,20/1/2012
16,16,0,0,0,0,0,1.567,36.553,0,39.829,0,0,29.601,19.901,15.668,50.616,16.724,0,25.467,25.745,0,32.682,25.344,7.328,6.836,17.213,15.491,2.909,38.118,0,0,0,0,0,0,19.6,5.67,47.3,25.269,0,-7.508,462.401,20/1/2012
17,17,0,0,0,0,0,1.282,35.993,0,41.332,0,0,28.001,17.601,0,50.098,16.28,0,25.912,25.578,0,31.536,24.948,7.561,7,0,15.709,2.892,37.807,0,0,0,0,0,0,19.1,5.87,47.3,-10.987,11.2,4.193,437.394,20/1/2012
18,18,0,0,0,0,0,2.798,37.053,0,42.89,0,0,39.201,22.501,0,51.06,16.872,0,25.411,25.829,0,32.457,24.948,23.858,24.87,0,5.387,2.971,38.687,0,0,0,0,0,0,19.5,6.07,47.3,9.888,7.4,-10.602,482.977,20/1/2012
19,19,0,0,0,0,0,2.791,37.407,0,42.918,0,0,36.101,22.401,47.697,50.912,16.65,0,25.411,25.857,0,32.569,22.572,15.545,10.268,16.133,16.338,2.988,38.848,0,0,0,0,0,0,19.4,6.23,47.3,13.794,1.1,-8.002,529.444,20/1/2012
20,20,0,0,0,0,0,2.747,36.494,0,42.807,0,0,38.001,22.001,32.136,50.986,16.65,0,25.3,25.745,0,32.592,25.608,12.797,12.661,15.409,15.668,3.024,38.557,0,0,0,0,0,0,19.4,6.15,47.3,0,2.2,-4.706,524.539,20/1/2012
21,21,0,0,0,0,0,2.71,36.788,0,43.308,0,0,37.301,20.501,0,50.542,16.724,0,25.3,25.745,0,31.334,24.42,13.467,13.344,0,17.008,2.848,38.217,0,0,0,0,0,0,19.1,6.3,47.3,4.883,4.4,-8.405,471.379,20/1/2012
22,22,0,0,0,0,0,2.732,0,0,43.057,0,0,37.901,22.501,0,47.5,14.897,0,25.3,25.745,0,33.356,23.628,8.039,7.752,0,0,2.953,38.248,0,0,0,0,0,0,19.4,6.3,42,18.555,-1.1,-15.51,399.364,20/1/2012
23,23,0,0,0,0,0,2.747,0,0,42.807,0,0,36.801,22.601,0,47.5,14.846,0,26.692,25.745,0,33.198,24.552,8.873,8.641,0,0,3.006,37.717,0,0,0,0,0,0,19.3,6.38,0,-3.54,4.5,-6.702,367.148,20/1/2012
0,00,0,0,0,0,0,2.754,0,0,22.294,0,0,39.201,22.601,0,47.5,16.384,0,25.411,25.495,0,34.299,26.136,12.237,11.635,0,0,2.786,39.207,0,0,0,0,0,0,19.3,6.3,0,12.452,6.5,-7.801,342.389,21/1/2012
1,01,0,0,0,0,0,2.776,0,0,0,0,0,37.901,22.501,0,50.912,16.798,0,25.773,25.411,0,31.716,23.892,13.344,14.288,0,0,3.068,37.997,0,0,0,0,0,0,19.1,6.23,0,7.08,3.2,-7.013,328.44,21/1/2012
2,02,0,0,0,0,0,2.754,0,0,0,0,0,36.001,22.401,0,45.362,14.652,0,25.801,26.052,0,33.805,22.308,11.088,10.241,0,0,2.892,37.967,0,0,0,0,0,0,19.2,6.3,0,13.916,-4.2,-11.811,318.919,21/1/2012
3,03,0,0,0,0,0,2.725,0,0,0,0,0,36.401,21.801,0,49.728,0,0,25.801,26.107,0,32.884,28.512,12.537,11.758,0,0,3.112,38.227,0,0,0,0,0,0,19.3,6.3,0,-3.784,4.5,-6.61,321.087,21/1/2012
4,04,0,0,0,0,0,2.798,0,0,0,0,0,39.101,22.501,0,49.876,0,0,25.801,26.107,0,33.333,27.456,18.389,17.555,0,0,2.83,38.758,0,0,0,0,0,0,19.2,6.35,0,0,10.8,-4.505,323.76,21/1/2012
5,05,0,0,0,0,0,2.717,0,0,42.779,0,0,37.701,22.501,0,49.432,0,0,25.801,26.219,0,31.985,28.116,0,6.658,0,0,3.05,38.357,0,0,0,0,0,0,19.4,6.3,0,-3.296,6.3,-3.809,341.821,21/1/2012
6,06,0,0,0,0,0,2.783,0,0,43.308,0,0,36.201,22.201,0,49.654,0,0,25.801,25.996,0,33.468,23.496,0,12.059,0,0,2.408,38.498,0,0,0,0,0,0,19.5,6.44,0,3.784,1.8,-7.91,344.139,21/1/2012
7,07,0,0,0,0,0,2.732,0,0,42.556,0,0,35.001,22.301,0,49.21,0,0,25.801,25.996,0,31.312,26.004,10.582,8.955,0,0,2.857,38.987,0,0,0,0,0,0,19,6.41,0,-10.254,6.9,0,351.058,21/1/2012
8,08,0,0,0,0,0,2.703,0,0,42.779,0,0,33.201,20.701,0,49.284,0,0,25.773,25.718,0,30.705,23.496,18.471,20.659,0,0,3.12,38.057,0,0,0,0,0,0,19.4,6.23,40.7,-22.706,20.601,6.391,396.711,21/1/2012
9,09,0,0,0,0,0,2.783,0,0,42.89,0,0,31.201,20.501,0,49.358,0,0,25.773,25.801,0,32.547,27.456,22.354,24.678,0,0,1.854,38.787,0,0,0,0,0,0,19.6,6.15,47.1,7.569,6.2,-5.109,410.173,21/1/2012
10,10,0,0,0,0,0,2.871,0,0,41.304,0,0,31.501,19.001,0,49.136,0,0,25.328,25.912,0,33.648,23.364,21.438,21.821,0,20.003,3.05,38.057,0,0,0,0,0,0,19.5,6.07,47.1,-21.363,8.8,1.19,440.477,21/1/2012
11,11,0,0,0,0,0,2.944,1.644,0,41.749,0,0,27.101,20.301,0,49.432,0,0,25.773,25.885,0,28.796,25.212,23.776,24.637,0,24.364,2.602,38.338,0,0,0,0,0,0,19.4,5.66,47.1,-14.283,10.8,1.392,436.805,21/1/2012
12,12,0,0,0,0,0,2.893,36.994,0,42.807,0,0,10.4,9.2,0,49.95,0,0,25.773,25.912,0,26.011,20.328,14.096,13.495,19.114,18.881,2.848,38.768,0,0,0,0,0,0,19.4,5.67,47.1,-17.701,4,9.192,434.149,21/1/2012
13,13,0,0,0,0,0,2.959,37.318,0,43.141,0,0,9.2,5.8,0,50.912,16.798,0,25.773,25.718,0,30.907,21.384,7.656,6.303,0,15.874,2.795,38.598,0,0,0,0,0,0,19.6,5.67,47.3,-7.691,1.5,8.991,410.906,21/1/2012
14,14,0,0,0,0,0,3.289,36.258,0,43.03,0,0,7.2,6.3,0,50.024,16.576,0,25.773,26.107,0,31.087,16.104,7.082,6.932,0,14.616,2.936,37.778,0,0,0,0,0,0,19.5,6,47.3,-1.343,-1.2,0.989,405.446,21/1/2012
15,15,0,0,0,0,0,3.692,0,0,42.89,0,0,23.701,18.001,0,50.246,16.576,0,25.773,25.745,0,34.816,20.988,12.537,9.858,0,0,2.883,39.137,0,0,0,0,0,0,20,5.92,47.3,0,-3.8,-8.405,412.268,21/1/2012
16,16,0,0,0,0,0,4.329,0,0,42.751,0,0,13.3,11.8,0,50.838,16.872,0,25.634,25.801,0,33.086,25.212,17.364,20.809,0,0,2.865,38.357,0,0,0,0,0,0,19.2,5.67,47.3,2.441,4.4,1.483,392.864,21/1/2012
17,17,0,0,0,0,0,4.321,0,0,43.419,0,0,20.801,15.801,0,50.986,16.502,0,25.356,25.439,0,31.02,24.156,7.151,7.438,0,0,3.006,39.177,0,0,0,0,0,0,20.3,6,47.3,1.465,-5.9,-3.113,395.721,21/1/2012
18,18,0,0,0,0,0,4.124,13.339,0,42.918,0,0,32.401,18.901,0,50.764,16.65,0,25.356,25.439,0,30.817,27.456,23.325,23.995,0,22.846,2.821,38.187,0,0,0,0,0,0,20.7,6.15,47.3,-14.161,3.8,4.083,479.767,21/1/2012
19,19,0,0,0,0,0,4.116,36.788,0,42.556,0,0,34.001,21.301,29.143,51.43,16.946,0,25.495,25.439,0,32.637,26.004,13.235,12.62,18.704,18.225,3.059,38.777,0,0,0,0,0,0,19,6,47.3,6.348,5.9,-10.218,520.746,21/1/2012
20,20,0,0,0,0,0,4.168,37.289,0,43.336,0,0,35.801,22.001,0,51.652,17.094,0,25.495,25.439,0,34.052,25.608,13.85,16.571,19.319,18.991,2.865,38.877,0,0,0,0,0,0,19.5,6.07,47.3,-14.771,17.301,4.083,498.665,21/1/2012
21,21,0,0,0,0,0,4.109,0,0,42.723,0,0,39.101,20.401,0,51.356,17.02,0,25.495,25.439,0,32.143,31.02,9.584,9.078,15.942,16.626,3.129,38.107,0,0,0,0,0,0,19.5,6.08,47.3,-4.883,8.8,-5.603,455.839,21/1/2012
22,22,0,0,0,0,0,4.146,0,0,42.751,0,0,38.401,22.101,0,50.394,16.65,0,25.69,25.467,0,32.749,26.664,6.617,7.082,0,0,2.813,38.737,0,0,0,0,0,0,20.1,6.3,47.3,16.236,2.6,-8.606,403.732,21/1/2012
23,23,0,0,0,0,0,4.19,0,0,42.779,0,0,37.601,22.101,0,49.58,0,0,25.662,25.356,0,32.345,26.4,14.206,17.829,0,0,3.032,38.378,0,0,0,0,0,0,19.5,6.3,0,6.836,3.2,-9.21,364.433,21/1/2012
0,00,0,0,0,0,0,4.16,0,0,43.28,0,0,34.201,22.101,0,50.246,0,0,25.606,25.912,0,32.884,24.024,8.176,8.039,0,0,1.846,38.508,0,0,0,0,0,0,19.6,6.3,0,20.875,-4.8,-11.408,340.216,22/1/2012
1,01,0,0,0,0,0,4.138,0,0,0,0,0,32.801,21.601,0,49.358,5.032,0,25.384,25.495,0,31.985,26.796,18.868,21.917,0,0,2.874,38.647,0,0,0,0,0,0,19.8,6.37,0,8.911,5.1,-5.109,322.164,22/1/2012
2,02,0,0,0,0,0,4.168,0,0,0,0,0,36.301,21.901,0,44.4,14.578,0,25.328,26.024,0,32.165,25.608,7.369,8.08,0,0,2.804,38.938,0,0,0,0,0,0,19.2,6.3,0,-2.075,7.1,-5.402,313.541,22/1/2012
3,03,0,0,0,0,0,4.197,0,0,0,0,0,31.701,20.401,0,50.098,0,0,25.356,25.439,0,32.457,26.928,0,10.733,0,15.874,2.839,38.607,0,0,0,0,0,0,19.3,6.3,0,3.662,2.9,-6.116,309.784,22/1/2012
4,04,0,0,0,0,0,4.241,0,0,0,0,0,22.801,16.801,0,49.58,0,0,25.356,25.356,0,34.299,26.664,0,14.657,0,19.401,3.024,38.267,0,0,0,0,0,0,19.5,6.3,0,-11.475,4.6,-.403,313.525,22/1/2012
5,05,0,0,0,0,0,4.277,0,0,0,0,0,37.001,22.301,0,49.654,0,0,25.356,25.634,0,31.985,25.344,0,13.125,0,15.395,2.971,38.898,0,0,0,0,0,0,19.6,6.5,0,2.686,5.7,-6.61,316.305,22/1/2012
6,06,0,0,0,0,0,4.19,0,0,0,0,0,38.101,22.501,0,49.876,0,0,25.356,25.634,0,32.255,24.552,0,15.026,0,15.737,2.988,38.477,0,0,0,0,0,0,19.5,6.46,0,8.179,5.8,-6.207,312.881,22/1/2012
7,07,0,0,0,0,0,4.146,0,0,0,0,0,37.601,22.201,0,44.696,0,0,25.356,25.634,0,31.94,26.004,0,7.178,0,15.942,2.988,38.458,0,0,0,0,0,0,19.3,6.5,0,-4.883,8.6,-6.116,310.453,22/1/2012
8,08,0,0,0,0,0,4.138,0,0,0,0,0,39.401,22.601,0,50.69,0,0,25.356,25.606,0,33.872,21.78,0,21.069,0,21.917,3.05,38.607,0,0,0,0,0,0,19.4,6.38,0,10.376,2.9,-12.214,332.805,22/1/2012
9,09,0,0,0,0,0,4.16,0,0,0,0,0,34.701,22.301,0,49.728,16.502,0,25.356,25.745,0,32.188,24.816,0,18.184,0,23.01,2.865,37.657,0,0,0,0,0,0,19.5,6.23,0,-2.319,4,-6.61,347.872,22/1/2012
10,10,0,0,0,0,0,3.97,0,0,0,0,0,28.901,18.001,0,49.95,16.132,0,25.356,25.718,0,32.794,26.136,0,16.475,16.995,18.813,3.006,37.977,0,0,0,0,0,0,19.6,5.92,0,-8.667,6.7,-2.014,349.725,22/1/2012
11,11,0,0,0,0,0,4.16,0,0,0,0,0,28.801,20.801,0,50.838,16.724,0,25.411,25.968,0,31.132,27.456,0,21.848,19.087,22.108,2.532,38.437,0,0,0,0,0,0,19.4,5.8,0,21.729,-3.5,-7.215,349.449,22/1/2012
12,12,0,0,0,0,0,4.08,0,0,0,0,0,27.101,18.301,0,50.838,16.428,0,25.411,25.606,0,32.659,25.212,22.532,0,22.71,22.286,2.98,38.797,0,0,0,0,0,0,19.5,5.67,0,21.241,-6.2,-9.705,354.775,22/1/2012
13,13,0,0,0,0,0,4.219,0,0,43.28,0,0,17.301,13.3,0,51.282,16.872,0,25.411,25.662,0,28.055,27.456,19.333,0,0,20.044,1.793,38.367,0,0,0,0,0,0,19.2,5.8,0,13.672,-6.9,-5.31,355.953,22/1/2012
14,14,0,0,0,0,0,4.219,0,0,41.749,0,0,9.5,10.4,0,50.912,16.798,0,25.411,25.968,0,28.886,24.552,25.102,0,0,24.61,3.015,37.948,0,0,0,0,0,0,19.3,5.8,0,6.47,-1.2,0,348.94,22/1/2012
15,15,0,0,0,0,0,4.131,0,0,41.554,0,0,17.501,13.3,0,50.838,16.872,0,25.411,25.968,0,31.918,24.684,9.598,0,0,18.335,2.663,38.907,0,0,0,0,0,0,19.5,5.8,0,-5.371,1.4,2.582,348.409,22/1/2012
16,16,0,0,0,0,0,4.08,0,0,40.914,0,0,30.401,20.501,0,50.912,16.798,0,25.356,25.968,0,33.356,25.344,0,8.873,0,0,2.953,38.447,0,0,0,0,0,0,19.5,6,0,-10.498,10.5,-.806,350.207,22/1/2012
17,17,0,0,0,0,0,4.138,0,0,41.527,0,0,22.501,14.3,0,51.06,16.798,0,25.356,25.634,0,31.446,25.344,0,23.995,0,14.616,2.9,38.607,0,0,0,0,0,0,19,6,0,11.597,-1.6,-3.003,356.228,22/1/2012
18,18,0,0,0,0,0,4.087,36.7,0,41.332,0,0,17.601,11.3,0,50.69,16.798,0,25.356,25.829,0,30.75,23.628,11.444,13.59,0,17.131,2.874,38.227,0,0,0,0,0,0,19.6,6,37.4,5.249,1.8,-1.209,424.497,22/1/2012
19,19,0,0,0,0,0,4.109,36.759,0,41.276,0,0,23.701,15.701,22.019,50.986,16.724,0,25.356,25.829,0,33.176,26.268,13.207,14.725,17.118,16.584,2.769,38.978,0,0,0,0,0,0,19.8,6.07,37.4,3.052,2.2,-4.303,487.606,22/1/2012
20,20,0,0,0,0,0,4.102,37.142,0,41.165,0,0,30.401,21.501,0,50.912,16.798,0,25.356,25.773,0,33.019,26.268,12.565,10.063,16.803,17.049,2.813,38.517,0,0,0,0,0,0,19.4,6.23,37.4,13.794,1,-6.207,464.69,22/1/2012
21,21,0,0,0,0,0,4.116,19.025,0,42.028,0,0,36.401,18.601,0,50.616,16.65,0,25.356,25.773,0,32.008,26.004,8.354,7.465,0,15.655,2.804,38.638,0,0,0,0,0,0,20.5,6.3,37.4,1.465,10.9,-7.306,428.635,22/1/2012
22,22,0,0,0,0,0,4.16,0,0,41.527,0,0,34.601,22.301,0,50.912,16.65,0,25.718,25.801,0,32.255,25.212,7.875,12.92,0,0,2.944,38.187,0,0,0,0,0,0,0,6.4,37.4,14.649,6.8,-3.607,367.021,22/1/2012
23,23,0,0,0,0,0,4.109,0,0,41.666,0,0,37.301,20.301,0,47.5,16.384,0,25.718,25.801,0,33.086,26.268,8.012,6.973,0,0,2.98,38.168,0,0,0,0,0,0,0,6.4,0,10.865,4.6,-6.5,331.702,22/1/2012
0,00,0,0,0,0,0,4.102,0,0,0,0,0,34.101,18.901,0,50.394,16.576,0,25.718,24.994,0,30.862,25.608,15.86,18.376,0,0,2.804,38.888,0,0,0,0,0,0,0,6.2,0,-12.329,9.7,0,316.013,23/1/2012
1,01,0,0,0,0,0,4.19,0,0,0,0,0,30.601,18.101,0,51.356,16.65,0,25.356,25.439,0,34.142,28.116,11.635,11.129,0,0,2.953,38.118,0,0,0,0,0,0,0,6.29,0,6.348,1.7,-6.812,302.84,23/1/2012
2,02,0,0,0,0,0,4.19,0,0,0,0,0,22.001,17.801,0,50.024,0,0,25.356,25.439,0,31.896,28.116,13.426,14.028,0,0,2.874,38.678,0,0,0,0,0,0,16.6,6.3,0,10.376,-1.5,-5.805,293.658,23/1/2012
3,03,0,0,0,0,0,4.102,0,0,0,0,0,22.001,14.3,0,49.062,0,0,25.356,25.272,0,32.367,26.664,12.565,16.598,0,0,2.909,38.697,0,0,0,0,0,0,19.5,6.37,0,0,0.2,-2.106,297.669,23/1/2012
4,04,0,0,0,0,0,4.087,0,0,0,0,0,25.001,15.201,0,48.914,0,0,25.356,25.634,0,33.198,25.344,15.245,16.01,0,0,2.9,38.418,0,0,0,0,0,0,20,6.5,0,6.714,-.3,-5.402,300.826,23/1/2012
5,05,0,0,0,0,0,4.204,0,0,0,0,0,23.301,16.701,0,51.06,16.428,0,25.356,25.634,0,33.019,27.192,7.369,8.422,0,0,2.953,38.808,0,0,0,0,0,0,19.7,0,32,24.659,-6.2,-11.115,324.803,23/1/2012
6,06,0,0,0,0,0,4.197,0,0,0,0,0,32.901,18.101,0,51.356,16.65,0,25.356,25.634,0,32.547,25.74,0,6.276,0,0,2.927,38.118,0,0,0,0,0,0,19.3,0,47.3,8.545,4.4,-5.805,339.263,23/1/2012
7,07,0,0,0,0,0,4.168,0,0,0,0,0,33.401,21.501,0,47.508,14.874,0,25.356,25.634,0,32.367,25.344,0,15.586,0,0,3.05,38.437,0,0,0,0,0,0,19.2,6.4,47.3,-6.226,5.6,-1.3,362.052,23/1/2012
8,08,0,0,0,0,0,4.109,0,0,33.455,0,0,32.601,21.601,0,50.838,16.65,0,25.356,25.662,0,31.064,25.212,14,13.754,0,0,2.83,38.418,0,0,0,0,0,0,19.6,6.38,47.3,-4.517,7.6,-4.816,410.563,23/1/2012
9,09,0,0,0,0,0,4.094,33.371,0,34.958,0,0,29.901,18.501,0,51.356,16.946,0,25.356,25.773,0,32.682,24.948,16.708,16.461,0,20.549,2.733,38.367,0,0,0,0,0,0,19.6,6.24,47.3,17.701,-3,-12.818,463.961,23/1/2012
10,10,0,0,0,0,0,4.212,33.96,0,36.183,0,0,33.001,21.001,25.669,51.282,16.946,0,25.356,25.634,0,30.952,23.496,16.612,18.211,0,18.813,2.434,37.908,0,0,0,0,0,0,19.3,6.15,47.3,3.296,5.2,-6.006,491.93,23/1/2012
11,11,0,0,0,0,0,4.08,33.489,0,36.795,0,0,30.501,20.601,25.649,51.282,16.872,0,25.718,25.634,0,31.536,24.816,15.04,18.198,16.243,16.434,2.725,38.768,0,0,0,0,0,0,19.4,6.15,47.3,-29.298,15.4,5.896,515.233,23/1/2012
12,12,0,0,0,0,0,4.109,33.342,0,36.405,0,0,17.501,13.3,25.722,51.208,16.946,0,25.718,25.94,0,27.65,24.552,21.93,24.966,23.598,23.749,2.532,37.717,0,0,0,0,0,0,19.3,6,47.3,3.54,0.7,4.486,500.759,23/1/2012
13,13,0,0,0,0,0,4.153,34.697,0,41.443,0,0,14.3,10.3,27.383,50.986,16.798,0,25.718,25.578,0,33.176,25.212,14.411,21.534,16.379,16.885,2.575,38.187,0,0,0,0,0,0,19.4,5.76,47.3,-22.95,4.2,6.684,504.241,23/1/2012
14,14,0,0,0,0,0,4.087,33.489,0,41.248,0,0,11.8,5.5,45.403,50.986,16.798,0,25.718,25.606,0,31.918,23.1,19.811,20.768,18.225,18.594,2.522,38.288,0,0,0,0,0,0,19.4,5.66,47.3,-6.592,7.5,10.895,494.418,23/1/2012
15,15,0,0,0,0,0,4.285,33.666,0,41.721,0,0,5.3,4.6,48.517,50.986,16.872,0,25.718,25.606,0,32.704,26.532,14.206,20.864,19.825,20.085,2.654,38.397,0,0,0,0,0,0,19.5,5.92,47.3,-11.597,5.2,10.584,501.071,23/1/2012
16,16,0,0,0,0,0,4.387,34.019,0,42.64,0,0,3.5,2.9,47.13,51.06,16.798,0,25.69,25.606,0,31.604,24.156,16.68,14.534,15.764,16.379,2.496,38.877,0,0,0,0,0,0,19.3,5.92,47.3,-15.992,6.3,8.185,488.247,23/1/2012
17,17,0,0,0,0,0,4.27,34.608,0,42.974,0,0,5,2.4,47.091,50.986,16.872,0,25.356,25.467,0,31.446,28.38,10.596,7.547,0,0,2.496,38.357,0,0,0,0,0,0,19.6,6.15,47.3,-3.418,-.3,1.685,448.929,23/1/2012
18,18,0,0,0,0,0,4.307,35.227,0,43.169,0,0,35.201,20.301,47.08,51.208,16.946,0,25.356,25.467,0,30.256,25.344,12.305,16.256,0,0,1.951,38.997,0,0,0,0,0,0,19.7,6.07,47.3,-6.592,9.1,-2.71,502.643,23/1/2012
19,19,0,0,0,0,0,4.329,35.551,0,42.835,0,0,24.901,14.1,47.166,51.208,17.02,0,25.356,25.467,0,30.975,25.872,19.387,23.229,17.774,18.321,2.593,37.967,0,0,0,0,0,0,20,6.15,47.3,-15.503,4.4,-1.117,549.721,23/1/2012
20,20,0,0,0,0,0,4.321,35.139,0,42.779,0,0,29.801,19.601,47.13,51.06,16.946,0,25.356,25.829,0,32.075,25.872,14.247,17.377,0,14.547,1.872,38.617,0,0,0,0,0,0,19.6,6.23,47.3,-32.35,16.401,10.089,521.559,23/1/2012
21,21,0,0,0,0,0,4.307,35.315,0,43.169,0,0,21.201,15.501,0,51.282,16.946,0,25.356,25.467,0,31.042,25.74,19.073,17.569,0,16.01,2.663,37.807,0,0,0,0,0,0,19.5,6.23,47.3,12.452,0,-9.412,458.438,23/1/2012
22,22,0,0,0,0,0,4.277,0,0,43.252,0,0,26.701,21.801,0,50.912,16.724,0,25.578,25.384,0,31.806,26.268,8.778,10.746,0,0,1.327,38.158,0,0,0,0,0,0,19.6,6.23,42,7.691,-2.4,-7.801,402.052,23/1/2012
23,23,0,0,0,0,0,4.409,0,0,0,0,0,15.701,17.101,0,51.282,17.02,0,25.578,25.801,0,33.535,26.268,9.147,21.889,0,0,2.654,38.768,0,0,0,0,0,0,19.6,6.3,47.2,6.104,0.6,-2.6,358.149,23/1/2012
0,00,0,0,0,0,0,4.387,0,0,0,0,0,24.801,15.901,0,51.282,16.946,0,25.551,25.857,0,33.019,29.04,7.67,7.643,0,0,2.312,38.768,0,0,0,0,0,0,20,6.5,37.5,24.537,0,-14.411,343.332,24/1/2012
1,01,0,0,0,0,0,4.329,0,0,0,0,0,29.301,16.301,0,44.696,14.43,0,25.551,25.885,0,32.143,26.532,6.672,6.768,0,0,2.549,38.697,0,0,0,0,0,0,20,6.5,27.8,2.319,2.5,-6.317,330.523,24/1/2012
2,02,0,0,0,0,0,4.395,0,0,0,0,0,26.301,16.101,0,51.134,16.872,0,25.495,25.773,0,33.603,27.588,12.565,13.754,0,0,2.285,37.768,0,0,0,0,0,0,20,6.5,0,7.447,0,-8.716,325.267,24/1/2012
3,03,0,0,0,0,0,4.343,0,0,0,0,0,21.101,15.501,0,50.912,16.724,0,25.439,25.69,0,33.535,26.928,10.965,17.514,0,0,2.602,39.018,0,0,0,0,0,0,20,6.5,0,5.127,0,-3.113,318.293,24/1/2012
4,04,0,0,0,0,0,4.365,0,0,0,0,0,15.901,10.9,0,51.43,16.798,0,25.829,25.69,0,32.906,27.192,21.739,22.135,0,0,2.505,39.397,0,0,0,0,0,0,20,6.5,0,4.639,0,-4.505,327.805,24/1/2012
5,05,0,0,0,0,0,4.38,0,0,0,0,0,23.201,11.6,0,51.356,16.946,0,25.773,25.634,0,30.862,25.872,16.571,17.952,0,0,2.602,38.787,0,0,0,0,0,0,20,6.5,37.5,1.221,0,-1.209,352.423,24/1/2012
6,06,0,0,0,0,0,4.409,0,0,0,0,0,13.9,10.7,0,51.134,16.872,0,25.773,25.634,0,33.019,24.42,18.362,17.801,0,0,2.54,38.437,0,0,0,0,0,0,20,6.5,47.2,0,4.6,6.098,359.217,24/1/2012
7,07,0,0,0,0,0,4.292,0,0,0,0,0,24.501,14.3,0,50.838,16.798,0,25.773,25.634,0,33.895,24.684,17.76,14.616,0,0,2.532,38.917,0,0,0,0,0,0,20,3.5,47.2,0,13.5,5.383,376.424,24/1/2012
8,08,0,0,0,0,0,2.908,0,0,20.123,0,0,30.301,16.101,0,51.282,16.872,0,25.773,25.634,0,31.783,26.664,16.694,19.469,17.501,17.446,2.549,38.927,0,0,0,0,0,0,20,3.5,47.2,6.714,3.8,-2.71,424.544,24/1/2012
9,09,0,0,0,0,0,2.9,33.224,0,41.304,0,0,25.801,16.001,0,51.356,16.872,0,25.773,25.384,0,33.468,27.06,9.475,18.922,15.477,15.532,2.549,38.367,0,0,0,0,0,0,20,3.5,47.2,7.813,0,-10.602,480.47,24/1/2012
10,10,0,0,0,0,0,2.864,33.754,0,41.582,0,0,23.901,17.501,0,51.208,16.872,0,25.384,25.912,0,33.288,25.344,21.301,22.026,16.174,15.778,2.716,38.317,0,0,0,0,0,0,20,3.5,47.2,0,8.8,3.992,485.136,24/1/2012
11,11,0,0,0,0,0,2.871,33.165,0,41.471,0,0,26.201,18.101,30.627,51.06,16.428,0,25.718,25.857,0,33.782,26.928,16.161,15.053,15.122,15.258,2.602,38.087,0,0,0,0,0,0,20,3.5,47.2,0,9.8,2.399,503.262,24/1/2012
12,12,0,0,0,0,0,2.908,32.399,0,41.499,0,0,20.001,15.801,33.528,50.912,16.354,0,25.718,25.968,0,34.029,26.532,19.018,14.534,16.967,17.09,2.962,39.058,0,0,0,0,0,0,20,3.5,47.2,1.953,0,-.403,506.489,24/1/2012
13,13,0,0,0,0,0,2.879,32.104,0,40.998,0,0,19.701,12.8,22.165,50.912,16.724,0,25.718,25.968,0,32.435,24.42,18.417,13.795,16.502,16.256,2.742,38.667,0,0,0,0,0,0,20,5.8,47.2,0,7,3.699,495.25,24/1/2012
14,14,0,0,0,0,0,3.721,32.104,0,40.191,0,0,13.1,12.4,32.688,50.764,16.872,0,25.718,25.606,0,32.12,26.136,21.848,24.761,19.893,20.098,2.663,38.848,0,0,0,0,0,0,20,5.8,47.2,0,0,-3.204,519.934,24/1/2012
15,15,0,0,0,0,0,2.893,32.045,0,39.662,0,0,8.5,7.1,33.234,50.69,16.724,0,25.718,25.439,0,30.143,24.816,24.282,24.05,25.444,25.294,2.522,38.947,0,0,0,0,0,0,20,5.8,47.2,0,1.4,9.888,515.675,24/1/2012
16,16,0,0,0,0,0,2.944,34.844,0,41.415,0,0,13.2,10.5,48.138,50.912,16.872,0,25.718,25.801,0,28.661,23.1,16.776,17.897,17.692,0,2.637,38.397,0,0,0,0,0,0,20,5.8,47.2,0,0,0.696,502.432,24/1/2012
17,17,0,0,0,0,0,2.959,34.991,0,41.332,0,0,14.6,14.2,48.162,51.356,16.946,0,25.69,25.857,0,25.966,24.948,9.434,9.106,0,0,2.496,38.837,0,0,0,0,0,0,20,5.8,47.2,8.667,0,-6.702,461.496,24/1/2012
18,18,0,0,0,0,0,2.871,34.932,0,42.835,0,0,17.601,15.601,48.095,51.43,17.02,0,25.718,25.857,0,28.571,25.08,20.987,20.126,20.331,0,2.663,38.257,0,0,0,0,0,0,20,5.8,47.2,0,8.6,5.383,521.596,24/1/2012
19,19,0,0,0,0,0,2.893,34.225,23.349,42.362,0,0,32.201,18.601,48.021,50.838,16.724,0,25.718,25.857,0,30.795,24.42,12.469,11.772,17.309,17.555,2.488,38.917,0,0,0,0,0,0,20,5.8,47.2,5.005,8.3,-2.509,538.358,24/1/2012
20,20,0,0,0,0,0,2.864,34.726,0,42.751,0,0,35.101,20.701,47.595,50.912,16.798,0,25.718,25.495,0,31.424,22.308,13.659,15.833,13.741,14.383,2.549,38.517,0,0,0,0,0,0,20,5.8,47.2,0,5.6,-2.417,525.912,24/1/2012
21,21,0,0,0,0,0,2.864,34.844,0,43.169,0,0,26.901,19.101,31.559,47.5,15.922,0,25.718,25.495,0,32.996,27.06,11.348,13.959,0,0,2.566,38.638,0,0,0,0,0,0,20,0,47.2,0,0,-5.2,427.54,24/1/2012
22,22,0,0,0,0,0,0,0,0,0,0,0,0,0,0,47.5,16.948,0,25.578,25.328,0,32.592,23.892,15.231,13.399,16.229,15.956,2.839,0,0,0,0,0,0,0,0,0,47.3,0,0,0,293.107,24/1/2012
23,23,0,0,0,0,0,1.721,0,0,43.809,0,0,20.101,15.701,0,47.5,16.999,0,25.551,25.384,0,34.299,23.76,11.539,18.731,0,17.159,2.733,0,0,0,0,0,0,0,0,0,47.3,4.639,0,0,352.806,24/1/2012
0,00,0,0,0,0,0,2.842,0,0,0,0,0,16.001,13.5,0,47.5,15.512,0,25.551,25.384,0,32.2,24.42,6.987,6.645,0,0,2.575,38.6,0,0,0,0,0,0,20,0,47.3,0,-4.1,0,329.142,25/1/2012
1,01,0,0,0,0,0,2.974,0,0,0,0,0,15.901,13.2,0,47.5,16.948,0,25.606,25.384,0,32.1,23.76,0,9.68,0,0,2.6,38.4,0,0,0,0,0,0,20,0,47.3,13.062,-7.2,0,315.491,25/1/2012
2,02,0,0,0,0,0,2.879,0,0,0,0,0,13.8,9.8,0,47.5,6.181,0,25.718,25.189,0,33.7,24.42,0,13.645,0,0,2.64,38.5,0,0,0,0,0,0,20,0,47.3,3.296,-1.6,0,309.576,25/1/2012
3,03,0,0,0,0,0,2.944,0,0,0,0,0,16.301,8.4,0,47.5,8.129,0,25.718,25.244,0,34,26.928,0,9.215,0,0,2.56,38.8,0,0,0,0,0,0,20,0,47.3,5.493,-9.3,0,316.846,25/1/2012
4,04,0,0,0,0,0,2.893,0,0,0,0,0,14.4,8,0,47.5,6.796,0,25.718,25.634,0,34.052,27.852,0,10.76,0,0,2.81,38.6,0,0,0,0,0,0,20,6.5,47.3,7.08,-2.5,0,314.383,25/1/2012
5,05,0,0,0,0,0,3.018,0,0,0,0,0,15.701,9.3,0,47.5,16.691,0,25.578,25.634,0,33.3,26.004,14.329,17.774,0,0,2.5,38.7,0,0,0,0,0,0,20,0,47.3,10.254,-10.3,0,343.375,25/1/2012
6,06,0,0,0,0,0,2.944,0,0,0,0,0,11.3,7.7,0,47.5,16.691,0,25.578,25.189,0,33.5,27.06,20.495,22.04,0,0,2.67,38.5,0,0,0,0,0,0,20,6.5,47.3,7.202,8.3,0,339.505,25/1/2012
7,07,0,0,0,0,0,2.93,35.433,0,0,0,0,7.1,8.3,0,47.5,16.691,0,25.578,25.606,0,33.1,25.476,12.565,22.477,0,0,2.5,38.7,0,0,0,0,0,0,20,6.46,47.3,11.841,-8.5,0,374.375,25/1/2012
8,08,0,0,0,0,0,2.908,33.931,0,41.833,0,0,11.6,6.7,0,47.5,16.025,0,25.578,25.244,0,33.3,27.324,18.635,18.047,0,0,2.53,38.6,0,0,0,0,0,0,20,6.38,47.3,5.005,-8.3,-1.41,428.14,25/1/2012
9,09,0,0,0,0,0,2.915,33.813,0,41.582,0,0,11.5,9.4,21.856,47.5,16.384,0,25.578,25.467,0,33.2,25.872,10.418,7.178,23.202,22.231,2.795,38.5,0,0,0,0,0,0,20,6.3,47.3,0,9.7,2.692,460.554,25/1/2012
10,10,0,0,0,0,0,3.106,33.724,0,41.304,0,0,11.6,10.4,36.146,47.5,16.384,0,25.606,25.662,0,33,26.4,17.788,15.833,20.29,21.589,2.62,38.6,0,0,0,0,0,0,20,6.28,47.3,-2.808,7.3,8.386,488.254,25/1/2012
11,11,0,0,0,0,0,2.9,34.844,0,41.165,0,0,12.1,9.4,47.675,47.5,16.179,0,25.495,25.606,0,33.4,26.136,18.868,20.577,19.21,19.1,2.813,38.8,0,0,0,0,0,0,20,6.15,47.3,-5.249,-2,3.882,518.592,25/1/2012
12,12,0,0,0,0,0,2.9,35.05,0,41.165,0,0,8.1,5.5,47.741,47.5,16.025,0,25.495,25.606,0,33.5,25.872,19.838,18.458,20.18,19.962,2.83,38.4,0,0,0,0,0,0,20,5.92,50.9,-13.672,-.9,9.394,516.12,25/1/2012
13,13,0,0,0,0,0,2.944,34.549,0,41.193,0,0,16.101,12.9,47.577,47.5,15.8,0,25.495,25.606,0,33.4,27.588,9.598,7.848,15.778,16.543,2.68,38.5,0,0,0,0,0,0,20,5.9,50.9,-17.701,8.1,5.292,502.678,25/1/2012
14,14,0,0,0,0,0,2.9,35.286,24.138,41.443,0,0,12.5,9.7,47.223,47.5,16.435,0,25.495,25.606,0,33,28.644,10.883,9.461,14.657,14.424,2.81,38.7,0,0,0,0,0,0,20,5.92,47.3,-6.348,1.6,3.095,515.678,25/1/2012
15,15,0,0,0,0,0,2.908,36.582,0,41.694,0,0,1.5,2,41.018,47.5,16.538,0,25.745,25.69,0,33.1,24.288,22.094,20.782,23.462,20.003,2.681,38.4,0,0,0,0,0,0,20,6,47.3,27.833,-16.3,-3.809,491.55,25/1/2012
16,16,0,0,0,0,0,2.908,36.523,0,41.443,0,0,1,1.2,47.487,47.5,16.486,0,25.912,25.634,0,33,25.212,17.487,17.911,16.133,15.627,2.733,38.3,0,0,0,0,0,0,20,5.84,47.3,18.189,-20.901,-5.402,493.697,25/1/2012
17,17,0,0,0,0,0,2.893,36.611,0,41.861,0,0,2.1,2.2,36.765,47.5,16.691,0,25.912,25.662,0,33.5,26.664,15.286,15.846,0,15.75,2.57,38.5,0,0,0,0,0,0,20,6.23,47.3,28.199,-17.001,-5.402,454.045,25/1/2012
18,18,0,0,0,0,0,2.908,36.405,0,42.807,0,0,2.6,3,44.185,47.5,16.281,0,25.773,25.69,0,33.5,24.684,23.393,24.473,0,22.915,2.75,38.437,0,0,0,0,0,0,20,6.15,47.3,7.691,-4.3,3.186,484.137,25/1/2012
19,19,18.264,18.641,0,0,0,2.952,36.994,23.284,43.197,0,0,1.9,3.1,47.759,47.5,16.486,0,25.773,25.773,0,33,25.344,13.549,11.498,15.532,15.819,2.69,38.6,0,0,0,5.2,0,0,20,6.3,47.3,14.405,-9.4,-.403,541.853,25/1/2012
20,20,10.602,0,0,0,0,2.864,36.641,23.768,42.556,0,0,6.3,5.2,47.58,47.5,16.384,0,25.384,25.411,0,33.5,26.268,12.237,13.454,14.807,15.122,2.64,38.3,0,0,0,0,0,0,20,6.3,47.3,4.273,-5.8,3.79,517.855,25/1/2012
21,21,0,0,0,0,0,2.871,36.287,2.884,42.918,0,0,12.4,10.2,37.412,47.5,15.563,0,25.523,25.411,0,33.5,27.984,10.295,12.032,0,15.518,2.67,38.4,0,0,0,0,0,0,20,6.3,47.3,3.906,1.1,2.197,465.847,25/1/2012
22,22,0,0,0,0,0,2.937,28.363,0,43.057,0,0,10.3,10.6,0,47.5,17.666,0,25.439,25.217,0,32.8,26.532,8.723,8.641,0,0,2.69,38.5,0,0,0,0,0,0,20,6.23,47.3,-6.958,4.3,-1.209,406.362,25/1/2012
23,23,0,0,0,0,0,2.9,0,0,42.668,0,0,9.1,8.9,0,47.067,0,0,25.439,25.217,0,33.5,24.684,14.793,14.055,0,0,2.795,38.5,0,0,0,0,0,0,20,6.23,47.3,1.709,-2.3,-1.117,364.841,25/1/2012
0,00,0,0,0,0,0,2.879,0,0,0,0,0,15.201,11.9,0,46.913,0,0,25.439,25.217,0,33.827,26.4,19.1,23.038,0,0,2.645,38.718,0,0,0,0,0,0,19.9,6.38,47.3,6.714,-.9,-2.6,341.643,26/1/2012
1,01,0,0,0,0,0,2.981,0,0,0,0,0,15.901,11.3,0,47.067,0,0,25.05,25.217,0,33.176,25.344,8.463,15.108,0,0,2.645,38.628,0,0,0,0,0,0,19.3,6.38,47.3,2.075,-4.2,-3.003,328.97,26/1/2012
2,02,0,0,0,0,0,2.871,0,0,0,0,0,13.2,9.9,0,48.656,0,0,25.439,25.384,0,32.21,25.74,16.366,8.764,0,0,2.619,37.967,0,0,0,0,0,0,19.6,6.3,47.3,3.052,-.1,-.916,320.28,26/1/2012
3,03,0,0,0,0,0,2.959,0,0,0,0,0,17.101,13.2,0,47.5,7.565,0,25.439,25.384,0,35.669,26.004,0,8.983,0,0,2.742,37.967,0,0,0,0,0,0,19.6,6.46,47.3,5.982,0.8,-2.802,319.893,26/1/2012
4,04,0,0,0,0,0,2.886,0,0,0,0,0,27.901,17.501,0,47.221,0,0,25.439,25.384,0,32.861,25.476,0,11.991,0,0,1.301,39.058,0,0,0,0,0,0,19.6,6.5,47.3,10.376,3.1,-5.713,322.656,26/1/2012
5,05,0,0,0,0,0,3.003,0,0,0,0,0,30.701,19.601,0,48.041,0,0,25.077,25.384,0,33.603,26.4,12.209,12.879,0,0,2.769,38.028,0,0,0,0,0,0,19.1,6.5,47.3,15.259,-1.2,-8.918,345.454,26/1/2012
6,06,0,0,0,0,0,2.959,0,0,0,0,0,25.601,17.401,0,47.5,10.59,0,25.551,25.384,0,33.648,26.664,10.022,19.743,0,0,2.716,38.707,0,0,0,0,0,0,19.2,6.5,47.3,8.179,2.9,-4.816,353.223,26/1/2012
7,07,0,0,0,0,0,2.937,0,0,43.085,0,0,21.601,13.5,0,47.5,6.745,0,25.523,25.384,0,34.007,28.248,0,20.153,0,0,2.698,38.468,0,0,0,0,0,0,19.1,6.28,47.3,11.963,-3.3,-4.706,378.572,26/1/2012
8,08,0,0,0,0,0,2.879,0,0,40.775,0,0,25.801,17.501,0,47.5,15.7,0,25.523,25.384,0,30.503,24.288,20.194,21.028,0,0,2.777,38.837,0,0,0,0,0,0,19,6.22,47.3,-21.485,9.4,2.582,420.679,26/1/2012
9,09,0,0,0,0,0,2.527,35.669,0,41.833,0,0,18.701,15.401,0,47.5,16.948,0,25.523,25.384,0,3.032,0,22.559,24.337,23.475,20.631,2.628,38.468,0,0,0,0,0,0,19,6.23,47.3,-15.992,0.4,-5.402,458.14,26/1/2012
10,10,0,0,0,0,0,0.22,35.728,0,41.777,0,0,15,10.8,44.476,47.5,16.794,0,25.3,25.328,0,8.85,23.892,18.676,19.237,18.362,19.36,2.777,37.787,0,0,0,0,0,0,18.9,6.15,47.3,6.714,-7.1,-3.204,487.804,26/1/2012
11,11,0,0,0,0,0,0,36.022,0,41.193,11.197,29.945,12,9,0,47.5,16.333,0,25.578,25.523,0,24.551,27.192,17.104,13.385,24.993,20.344,1.09,38.087,0,0,0,0,0,0,18.9,6.23,47.3,0,-1.3,2.399,492.368,26/1/2012
12,12,0,0,0,0,0,6.255,35.021,22.753,41.276,0,0,2.8,3.2,22.102,47.5,15.922,0,25.801,25.217,0,32.727,25.476,18.061,16.694,18.704,20.235,2.883,38.567,0,0,0,5.2,0,0,19,6.1,47.3,0,-4.4,6.098,497.096,26/1/2012
13,13,0,0,0,0,0,0,34.962,24.171,41.861,0,0,2.8,3.1,37.533,47.5,16.127,0,25.801,25.996,0,34.411,25.476,16.106,13.399,16.092,14.219,2.804,38.468,0,0,0,0,0,0,19,6.05,47.3,0,-3,6.592,489.607,26/1/2012
14,14,0,0,0,0,0,0,35.345,24.477,40.219,0,0,6.5,5.1,41.399,47.5,16.435,0,25.857,25.801,0,32.637,26.928,16.188,13.385,16.694,14.944,2.944,37.738,0,0,0,0,0,0,18.8,6,47.3,0,-5.1,2.087,505.167,26/1/2012
15,15,0,0,0,0,0,0,35.08,24.155,41.165,0,0,8.6,7.6,34.856,47.5,15.7,0,25.857,25.773,0,33.086,24.552,14.192,12.715,14.192,14.821,2.857,39.167,0,0,0,0,0,0,19.2,5.92,47.3,0,-6.3,1.886,498.719,26/1/2012
16,16,0,0,0,0,0,0,35.05,10.7,41.22,0,0,10.7,7.2,33.786,47.5,15.922,0,25.857,25.773,0,33.535,23.1,16.721,16.502,0,16.899,2.848,38.737,0,0,0,0,0,0,19.1,6.45,47.3,0,-2.9,1.282,476.518,26/1/2012
17,17,0,0,0,0,0,0,34.873,0,40.942,0,0,20.501,13.9,26.575,47.5,15.615,0,25.578,25.467,0,31.828,24.816,10.979,12.086,0,0,2.98,39.058,0,0,0,0,0,0,19,6.5,47.3,0,0,-2.106,447.69,26/1/2012
18,18,0,0,0,0,0,0,36.906,0,42.473,0,0,24.601,16.201,28.184,48,15.7,0,25.745,25.578,0,32.749,20.724,23.243,24.132,0,13.973,2.663,38.328,0,0,0,0,0,0,18.9,6.3,47.3,0,4,1.685,486.015,26/1/2012
19,19,0,0,0,0,0,0,36.7,24.203,43.28,0,0,38.201,22.601,41.507,48,15.7,0,25.801,25.69,0,32.232,22.044,7.26,8.135,15.245,15.45,2.98,38.317,0,0,0,0,0,0,19.8,6.3,47.3,0,5.3,-5.805,537.251,26/1/2012
20,20,0,0,0,0,0,0,36.7,0,43.113,0,0,25.201,16.801,41.488,48,15.7,0,25.801,25.69,0,33.805,22.572,17.09,21.766,15.108,14.957,2.224,39.007,0,0,0,0,0,0,20.5,6.3,47.3,0,0.7,-2.911,521.334,26/1/2012
21,21,0,0,0,0,0,0,36.818,0,42.863,0,0,34.601,22.601,0,48,15.7,0,25.801,25.69,0,30.099,22.968,8.846,9.858,0,16.667,2.909,38.487,0,0,0,0,0,0,19.5,6.3,47.3,-2.197,3.1,-8.313,462.418,26/1/2012
22,22,0,0,0,0,0,0,0,0,42.779,0,0,30.001,21.401,0,48,15.7,0,25.69,25.495,0,32.053,21.384,7.725,7.342,0,0,2.883,38.898,0,0,0,0,0,0,20.7,6.23,47.3,10.376,0,-10.016,393.221,26/1/2012
23,23,0,0,0,0,0,0,0,0,0,0,0,25.601,19.801,0,48,15.7,0,25.606,25.3,0,31.716,22.044,13.563,7.67,0,0,2.821,38.598,0,0,0,0,0,0,20.7,6.23,47.3,-1.953,2.1,-4.907,355.41,26/1/2012
0,00,0,0,0,0,0,0,0,0,0,0,0,28.301,20.501,0,45,10,0,25.606,25.69,0,32.772,20.328,12.537,14.206,0,0,2.813,38.617,0,0,0,0,0,0,20.4,6.3,21,-24.903,14.7,1.886,332.388,27/1/2012
1,01,0,0,0,0,0,0,0,0,0,0,0,22.501,19.601,0,48,15.7,0,25.189,25.718,0,35.647,21.78,22.067,21.383,0,0,2.786,38.917,0,0,0,0,0,0,19.6,6.3,0,-5.371,6,0.183,324.377,27/1/2012
2,02,0,0,0,0,0,0,0,0,0,0,0,35.001,20.501,0,48,15.7,0,25.189,25.634,0,33.917,21.912,16.352,7.465,0,0,3.024,38.038,0,0,0,0,0,0,19.6,6.38,0,0,4.4,-6.409,318.722,27/1/2012
3,03,0,0,0,0,0,0,0,0,0,0,0,35.701,21.601,0,45,10,0,25.551,25.634,0,33.692,22.968,12.579,11.963,0,0,2.865,39.297,0,0,0,0,0,0,20.5,6.5,0,1.221,6.9,-5.713,311.473,27/1/2012
4,04,0,0,0,0,0,0,0,0,0,0,0,33.501,20.801,0,48,15.7,0,25.551,25.634,0,34.95,21.912,13.823,18.294,0,0,2.936,38.397,0,0,0,0,0,0,20.4,6.5,0,-7.08,12.5,-.311,321.31,27/1/2012
5,05,0,0,0,0,0,0,0,0,0,0,0,32.501,20.501,0,46,14,0,25.551,25.745,0,33.984,22.176,11.307,8.532,0,0,1.846,38.477,0,0,0,0,0,0,19.2,6.5,45.3,10.743,1.3,-8.313,347.91,27/1/2012
6,06,0,0,0,0,0,0,0,0,0,0,0,35.201,22.201,0,48,15.7,0,25.551,25.829,0,33.445,20.064,7.041,6.412,0,0,2.997,38.848,0,0,0,0,0,0,19.1,6.5,47.3,-5.127,8.3,-2.802,353.848,27/1/2012
7,07,0,0,0,0,0,0,0,0,0,0,0,34.101,22.601,0,48,15.7,0,25.551,25.523,0,33.243,15.576,12.455,14,0,0,2.883,38.407,0,0,0,0,0,0,19,6.5,47.3,-1.953,3.7,-3.9,363.033,27/1/2012
8,08,0,0,0,0,0,0,0,0,41.415,0,0,34.401,22.501,0,48,15.7,0,25.551,25.523,0,32.39,11.88,17.213,21.63,0,0,2.865,38.797,0,0,0,0,0,0,18.8,6.46,47.3,-6.47,8.4,-3.314,411.81,27/1/2012
9,09,0,0,0,0,0,0,35.109,0,41.415,0,0,35.201,22.201,0,48,15.7,0,25.578,25.411,0,32.614,5.676,14.957,17.965,15.258,14.916,2.909,39.117,0,0,0,0,0,0,18.7,6.38,47.3,-9.278,12.9,-.311,461.096,27/1/2012
10,10,0,0,0,0,0,0,34.903,0,41.721,0,0,33.501,22.201,22.894,50.838,16.65,0,25.578,25.69,0,33.198,5.676,14.971,18.047,15.176,14.288,2.944,38.938,0,0,0,0,0,0,18.6,6.28,47.3,-34.547,23.001,11.39,489.55,27/1/2012
11,11,0,0,0,0,0,0,33.489,0,39.745,0,0,32.301,19.601,46.373,51.06,16.872,0,25.578,25.801,0,34.479,5.544,10.787,7.41,18.622,18.676,2.98,38.817,0,0,0,0,0,0,18.5,6.15,47.3,2.441,-.7,-7.709,506.053,27/1/2012
12,12,0,0,0,0,0,0,34.697,0,40.97,0,0,30.501,21.001,47.409,51.578,16.502,0,25.578,25.773,0,33.108,4.752,11.266,12.606,13.987,14.711,2.98,37.657,0,0,0,0,0,0,18.7,5.92,47.3,0,0.8,-5.805,502.001,27/1/2012
13,13,0,0,0,0,0,0,36.052,0,36.016,0,0,24.301,18.301,48.103,50.912,16.724,0,25.551,26.107,0,32.996,2.376,15.368,20.098,15.395,15.354,3.129,38.168,0,0,0,0,0,0,18.7,5.76,47.3,-22.462,16.201,9.394,493.578,27/1/2012
14,14,0,0,0,0,0,0,35.463,0,40.246,0,0,20.801,15.601,47.827,51.504,16.576,0,25.9,25.578,0,33.94,10.56,19.087,16.694,19.196,18.116,1.837,38.647,0,0,0,0,0,0,18.7,5.52,47.3,-15.87,12.5,8.698,503.765,27/1/2012
15,15,0,0,0,0,0,0,34.697,23.671,41.554,0,0,31.201,21.701,47.596,50.764,16.576,0,25.9,25.411,0,32.502,11.088,0,6.672,14.465,15.053,3.05,38.028,0,0,0,0,0,0,18.7,5.58,47.3,0,9.8,1.483,500.226,27/1/2012
16,16,0,0,0,0,0,0,36.287,8.444,43.085,0,0,39.001,18.601,33.134,51.8,16.798,0,25.8,25.829,0,27.066,9.24,0,12.715,16.393,0,2.496,37.988,0,0,0,0,0,0,18.7,5.84,47.3,-8.057,4.1,-4.413,484.887,27/1/2012
17,17,0,0,0,0,0,0,36.729,0,43.085,0,0,33.101,22.201,1.001,50.912,16.576,0,25.7,25.885,0,34.344,4.884,8.928,8.408,16.858,0,3.024,38.217,0,0,0,0,0,0,19,6,47.3,-10.376,13.7,4.798,434.031,27/1/2012
18,18,0,0,0,0,0,1.106,36.405,0,43.28,0,0,35.301,21.301,4.151,50.986,16.428,0,25.9,25.467,0,33.266,9.768,19.975,23.175,15.791,0,2.944,38.347,0,0,0,0,0,0,19.4,6.07,47.3,-12.329,7.1,3.296,478.294,27/1/2012
19,19,0,0,0,0,0,9.346,36.936,24.412,42.612,0,0,28.301,20.601,47.452,50.986,16.724,0,25.9,25.495,0,32.884,8.316,9.666,12.811,16.12,15.422,2.927,37.937,0,0,0,0,0,0,19.1,6.07,47.3,7.08,5.4,-4.816,529.654,27/1/2012
20,20,0,0,0,0,0,9.463,37.171,0,43.391,0,0,39.001,22.601,18.346,51.134,16.576,0,25.7,25.69,0,34.007,26.136,11.198,10.856,15.313,14.985,3.015,39.007,0,0,0,0,0,0,19.4,6.23,47.3,1.465,1.6,-5.805,519.26,27/1/2012
21,21,0,0,0,0,0,4.871,36.759,0,42.64,0,0,38.201,22.601,0,51.43,16.576,0,25.8,25.467,0,33.311,25.212,7.506,6.412,16.94,0,2.857,38.808,0,0,0,0,0,0,19.5,6.3,47.3,-6.348,3,-9.412,481.251,27/1/2012
22,22,0,0,0,0,0,0,5.09,0,43.391,0,0,37.001,22.101,0,47.5,17.255,0,25.9,25.467,0,33.558,19.536,6.973,5.893,0,0,2.874,38.997,0,0,0,0,0,0,19.6,6.33,47.3,-18.311,15.5,1.593,405.984,27/1/2012
23,23,0,0,0,0,0,0,0,0,0,0,0,37.601,21.901,0,51.06,0,0,25.6,25.912,0,33.827,25.74,18.758,17.419,0,0,2.716,38.938,0,0,0,0,0,0,19.5,6.38,37.6,11.841,-9.1,-19.318,379.529,27/1/2012
0,00,0,0,0,0,0,0,0,0,0,0,0,35.801,22.201,0,49.802,0,0,25.5,25.857,0,32.861,23.628,9.297,10.063,0,0,3.006,38.147,0,0,0,0,0,0,19.6,6.38,37.6,-10.01,7.3,-5.31,347.763,28/1/2012
1,01,0,0,0,0,0,0,0,0,0,0,0,34.201,18.501,0,49.58,0,0,25.7,25.328,0,33.85,24.156,7.78,7.766,0,0,2.162,38.068,0,0,0,0,0,0,19.6,6.41,37.6,-7.935,8.5,-1.611,331.748,28/1/2012
2,02,0,0,0,0,0,0,0,0,0,0,0,33.901,18.601,0,49.284,0,0,25.8,25.384,0,32.188,25.74,6.563,6.781,0,0,2.944,39.037,0,0,0,0,0,0,19.2,6.5,33.8,4.517,3.1,-4.907,323.043,28/1/2012
3,03,0,0,0,0,0,0,0,0,0,0,0,31.501,18.501,0,49.432,0,0,25.7,25.384,0,34.232,24.156,23.147,23.858,0,0,2.065,38.378,0,0,0,0,0,0,19.2,6.5,0,-10.254,11.2,2.49,318.658,28/1/2012
4,04,0,0,0,0,0,0,0,0,0,0,0,35.201,20.301,0,49.876,0,0,25.8,25.356,0,32.727,25.08,12.606,11.717,0,0,3.059,38.548,0,0,0,0,0,0,19.5,6.46,27.2,-2.075,7.4,-3.204,331.31,28/1/2012
5,05,0,0,0,0,0,0,0,0,0,0,0,38.801,22.501,0,50.69,16.502,0,25.7,25.384,0,34.232,27.324,18.444,18.348,0,0,2.892,38.257,0,0,0,0,0,0,19.9,6.5,0,-8.423,11.1,-2.911,345.779,28/1/2012
6,06,0,0,0,0,0,0,0,0,0,0,0,34.601,22.401,0,50.986,16.65,0,25.7,25.523,0,33.333,25.74,7.328,7.069,0,0,2.883,39.238,0,0,0,0,0,0,20.2,6.5,40,-4.517,11.6,0.385,350.794,28/1/2012
7,07,0,0,0,0,0,0,0,0,0,0,0,38.201,22.401,0,45.806,15.096,0,25.8,25.801,0,34.276,28.116,7.287,7.26,0,0,2.927,38.047,0,0,0,0,0,0,19.5,6.5,47.3,-5.982,15.4,-.201,355.151,28/1/2012
8,08,0,0,0,0,0,3.076,0,0,0,0,0,36.701,22.401,0,51.356,16.798,0,25.6,25.829,0,34.299,23.364,15.627,18.717,0,0,2.918,37.877,0,0,0,0,0,0,20.3,6.23,47.3,1.343,7.5,-8.112,387.662,28/1/2012
9,09,0,0,0,0,0,3.113,0,0,42.835,0,0,34.501,22.201,0,50.616,16.65,0,25.6,25.356,0,32.794,25.476,13.057,13.891,0,0,2.918,39.087,0,0,0,0,0,0,20,6.15,47.3,-25.88,20.701,3.79,422.934,28/1/2012
10,10,0,0,0,0,0,3.054,36.494,0,42.946,0,0,33.601,21.501,0,51.652,16.946,0,25.6,25.05,0,33.131,24.42,7.766,7.438,0,0,2.804,38.427,0,0,0,0,0,0,20,6.08,42,-3.174,15.2,0.385,426.499,28/1/2012
11,11,0,0,0,0,0,3.025,36.847,0,42.723,0,0,33.401,18.401,0,51.06,16.798,0,25.5,25.3,0,33.288,26.796,9.297,11.321,0,0,3.024,38.758,0,0,0,0,0,0,19.6,5.76,47.3,-5.249,8.8,0.494,444.154,28/1/2012
12,12,0,0,0,0,0,3.128,36.553,0,42.723,0,0,31.501,19.401,0,50.69,16.65,0,25.6,25.551,0,32.39,23.76,8.313,8.955,0,0,2.848,38.107,0,0,0,0,0,0,19.4,5.69,47.3,-17.823,5.4,4.999,445.984,28/1/2012
13,13,0,0,0,0,0,3.098,18.848,0,42.696,0,0,21.601,15.501,0,51.06,16.65,0,25.5,25.745,0,33.378,26.136,6.959,7.014,15.573,0,2.953,38.678,0,0,0,0,0,0,19,5.6,47.3,-16.846,10.5,1.483,428.153,28/1/2012
14,14,0,0,0,0,0,3.054,0.33,0,42.751,0,0,15.1,10.8,0,50.986,16.798,0,25.5,25.857,0,33.85,24.816,13.289,15.655,22.669,0,2.909,38.017,0,0,0,0,0,0,19.6,5.7,47.3,-9.156,3.5,8.185,412.452,28/1/2012
15,15,0,0,0,0,0,3.084,0.33,0,41.554,0,0,9.4,9.9,0,51.282,16.576,0,25.6,25.718,0,33.288,23.232,17.295,18.663,15.518,0,2.98,38.628,0,0,0,0,0,0,19.5,5.92,47.3,-33.692,12.2,10.492,416.768,28/1/2012
16,16,0,0,0,0,0,3.047,0.33,0,41.888,0,0,17.601,12,0,51.282,16.206,0,25.6,25.912,0,33.513,27.852,8.244,11.293,16.12,0,2.813,37.807,0,0,0,0,0,0,19.6,5.92,47.3,5.982,8,2.582,387.764,28/1/2012
17,17,0,0,0,0,0,3.003,0.33,0,0,0,0,29.301,19.901,0,50.69,16.724,0,25.5,25.523,0,33.378,27.192,11.17,10.323,17.542,0,2.953,37.667,0,0,0,0,0,0,19.4,6,47.3,-17.09,7.2,-2.216,395.953,28/1/2012
18,18,0,0,0,0,0,3.018,35.227,0,40.97,0,0,36.301,21.401,0,51.726,16.65,0,25.5,25.912,0,31.02,24.156,7.615,7.342,14.11,0,2.786,39.217,0,0,0,0,0,0,19.2,6.15,47.3,-24.537,22.001,4.285,453.852,28/1/2012
19,19,0,0,0,0,0,9.368,36.67,0,41.499,0,0,32.401,21.301,16.208,51.282,16.872,0,25.5,25.467,0,31.671,21.252,14.506,13.577,20.631,21.465,3.068,38.758,0,0,0,0,0,0,19.4,6.15,47.3,4.028,0.3,-8.918,518.936,28/1/2012
20,20,0,0,0,0,0,9.375,36.7,0,41.61,0,0,39.201,22.401,0,50.69,16.798,0,25.5,25.467,0,32.951,23.364,13.686,17.172,20.823,19.948,1.635,38.338,0,0,0,0,0,0,19.3,6.15,47.3,0,11.3,-2.802,499.911,28/1/2012
21,21,0,0,0,0,0,3.025,36.464,0,41.443,0,0,39.401,22.401,0,50.764,16.872,0,25.5,25.467,0,32.232,22.176,6.836,6.18,15.313,0,3.068,38.687,0,0,0,0,0,0,19.3,6.22,47.3,-13.184,10.3,-2.014,463.547,28/1/2012
22,22,0,0,0,0,0,3.098,0,0,41.861,0,0,37.401,22.501,0,51.208,16.872,0,25.6,25.857,0,33.49,26.4,7.862,5.031,0,0,2.804,38.848,0,0,0,0,0,0,19.3,6.3,47.3,-3.662,10.8,-2.911,407.506,28/1/2012
23,23,0,0,0,0,0,3.091,0,0,0,0,0,36.401,22.601,0,51.356,16.798,0,25.6,25.912,0,34.187,24.288,10.254,8.996,0,0,3.085,38.737,0,0,0,0,0,0,19.4,6.3,47.3,-10.376,13.4,-1.611,372.893,28/1/2012
0,00,0,0,0,0,0,3.084,0,0,0,0,0,36.801,22.501,0,44.696,14.134,0,25.3,25.773,0,34.209,24.552,6.946,6.905,0,0,2.971,37.728,0,0,0,0,0,0,19.4,6.34,42,-25.147,18.701,6.592,353.194,29/1/2012
1,01,0,0,0,0,0,3.12,0,0,0,0,0,38.401,22.601,0,51.356,16.724,0,25.5,25.745,0,30.638,24.684,14.137,18.02,0,0,2.892,38.707,0,0,0,0,0,0,19.5,6.3,0,-22.95,20.201,4.889,336.185,29/1/2012
2,02,0,0,0,0,0,3.047,0,0,0,0,0,34.701,21.601,0,51.504,16.872,0,25.2,25.3,0,33.378,22.968,11.211,10.405,0,0,2.98,38.917,0,0,0,0,0,0,19.6,6.34,0,-21.607,19.001,5.493,321.137,29/1/2012
3,03,0,0,0,0,0,3.113,0,0,0,0,0,36.001,22.201,0,49.95,0,0,25.3,25.885,0,34.299,24.684,8.49,8.655,16.489,0,2.997,38.047,0,0,0,0,0,0,19.6,6.4,0,-6.47,13.5,-.201,315.282,29/1/2012
4,04,0,0,0,0,0,3.142,0,0,0,0,0,38.301,22.601,0,45.288,15.022,0,25.5,25.606,0,33.468,21.648,9.817,7.985,0,0,2.944,38.598,0,0,0,0,0,0,19.1,6.46,0,-24.537,20.501,3.095,316.421,29/1/2012
5,05,0,0,0,0,0,3.098,0,0,0,0,0,35.701,21.401,0,44.77,14.578,0,25.4,25.745,0,34.232,21.912,9.912,13.139,0,0,2.944,38.647,0,0,0,0,0,0,19.6,6.5,0,-21.241,18.001,5.695,315.154,29/1/2012
6,06,0,0,0,0,0,3.04,0,0,0,0,0,36.101,22.301,0,50.986,16.724,0,25.5,25.912,0,34.142,23.628,9.68,7.246,0,0,3.024,38.557,0,0,0,0,0,0,19.6,6.46,0,-21.363,23.201,8.588,312.475,29/1/2012
7,07,0,0,0,0,0,3.106,0,0,0,0,0,39.501,21.901,0,49.728,0,0,25.4,25.829,0,34.029,24.948,0,7.26,16.024,0,2.839,38.907,0,0,0,0,0,0,19.8,6.5,0,-22.217,22.401,5.695,309.973,29/1/2012
8,08,0,0,0,0,0,3.135,0,0,0,0,0,36.901,21.901,0,44.178,13.912,0,25.6,25.606,0,33.67,21.384,0,0,17.268,17.87,2.953,38.697,0,0,0,0,0,0,19.4,6.2,0,3.662,5.2,-7.508,327.321,29/1/2012
9,09,0,0,0,0,0,3.215,0,0,0,0,0,37.501,20.601,0,51.06,16.946,0,25.6,25.745,0,32.367,26.4,0,0,20.235,21.001,2.478,38.997,0,0,0,0,0,0,19.6,6.1,0,0,8,-5.109,344.955,29/1/2012
10,10,0,0,0,0,0,9.449,0,0,0,0,0,32.801,21.201,0,44.4,14.726,0,25.5,25.411,0,33.243,23.232,0,0,17.624,17.118,3.024,38.418,0,0,0,5.2,0,0,19.6,5.9,7.5,-14.283,13,0,345.63,29/1/2012
11,11,0,0,0,0,0,3.223,0,0,0,0,0,39.101,22.501,0,50.912,16.798,0,25.5,25.467,0,31.985,24.948,0,17.993,16.106,15.997,2.804,39.027,0,0,0,0,0,0,19.8,5.8,0,-17.579,16,1.282,358.259,29/1/2012
12,12,0,0,0,0,0,3.062,0,0,0,0,0,38.001,22.501,0,50.616,16.428,0,25.6,25.3,0,31.401,26.796,6.836,6.467,15.012,0,3.015,38.267,0,0,0,0,0,0,19.6,5.55,30,-28.321,22.401,5.182,365.19,29/1/2012
13,13,0,0,0,0,0,3.091,0,0,0,0,0,23.701,18.501,0,51.134,16.724,0,25.6,25.662,0,32.637,25.344,9.858,9.229,16.352,0,2.953,38.548,0,0,0,0,0,0,19.8,5.7,30,-18.799,13.9,5.493,354.24,29/1/2012
14,14,0,0,0,0,0,3.076,0,0,0,0,0,19.601,14.3,0,51.134,16.798,0,25.6,25.662,0,32.569,29.04,12.524,12.934,15.504,0,2.777,37.608,0,0,0,0,0,0,19.8,5.6,38,-21.851,15.2,9.284,359.894,29/1/2012
15,15,0,0,0,0,0,3.098,0,0,0,0,0,10.2,8.8,0,50.69,16.65,0,25.5,25.662,0,31.963,25.344,15.901,20.385,15.518,0,2.997,38.747,0,0,0,0,0,0,19.8,5.6,47.1,-29.542,16.901,19.391,357.205,29/1/2012
16,16,0,0,0,0,0,3.135,0,0,0,0,0,18.201,19.101,0,50.838,16.798,0,25.5,25.3,0,31.267,24.948,7.821,7.547,15.86,0,1.898,37.957,0,0,0,0,0,0,20.4,5.9,47.1,-31.251,21.701,14.393,354.728,29/1/2012
17,17,0,0,0,0,0,3.098,0,0,0,0,0,39.301,22.501,0,44.77,14.8,0,25.6,25.3,0,31.783,24.816,7.78,9.215,0,0,3.015,38.588,0,0,0,0,0,0,20,6.1,47.1,-25.391,16.301,2.893,369.964,29/1/2012
18,18,0,0,0,0,0,3.047,0,0,36.266,0,0,39.501,22.501,0,50.69,16.724,0,25.6,26.024,0,33.288,24.42,9.407,18.458,15.491,0,2.795,38.087,0,0,0,0,0,0,20.6,6,47.1,-14.893,11.8,-2.802,441.894,29/1/2012
19,19,0,0,0,0,0,3.135,37.112,0,41.332,0,0,39.501,22.601,0,51.282,16.724,0,25.6,25.356,0,31.648,23.892,12.127,23.831,18.157,0,2.962,38.347,0,0,0,0,0,0,20.5,6.3,47.1,16.48,-.3,-10.218,481.545,29/1/2012
20,20,0,0,0,0,0,3.076,19.142,0,41.387,0,0,39.301,22.601,0,51.134,16.946,0,25.7,25.495,0,32.772,23.232,14.561,19.046,15.846,0,2.918,38.378,0,0,0,0,0,0,20.5,6.36,47.1,2.441,8.6,-9.815,464.269,29/1/2012
21,21,0,0,0,0,0,3.098,0,0,0,0,0,39.401,22.601,0,50.764,16.724,0,25.7,25.495,0,32.255,24.684,12.059,17.514,16.872,17.186,2.936,38.927,0,0,0,0,0,0,20.2,6.22,47.1,-4.639,6.7,-9.009,426.684,29/1/2012
22,22,0,0,0,0,0,3.15,0,0,0,0,0,38.501,21.301,0,51.504,16.946,0,25.5,25.495,0,33.67,22.704,11.471,11.498,16.53,0,2.927,38.577,0,0,0,0,0,0,19.5,6.3,30,-10.376,14.3,0.385,371.265,29/1/2012
23,23,0,0,0,0,0,3.135,0,0,0,0,0,39.101,21.901,0,47.067,0,0,25.6,25.495,0,33.94,24.42,13.207,13.795,17.514,0,2.953,37.988,0,0,0,0,0,0,19.2,6.3,0,-19.776,17.501,2.692,331.199,29/1/2012
0,00,0,0,0,0,0,3.186,0,0,0,0,0,39.401,22.501,0,47.169,0,0,25.6,25.495,0,33.648,26.532,11.334,12.825,0,0,3.112,38.697,0,0,0,0,0,0,19.7,6.5,0,-16.114,20.101,3.589,308.124,30/1/2012
1,01,0,0,0,0,0,3.135,0,0,0,0,0,39.001,21.701,0,45.785,0,0,25.4,25.133,0,31.896,20.856,6.795,6.946,0,0,2.364,38.047,0,0,0,0,0,0,19.5,6.38,0,-36.256,22.801,7.984,298.375,30/1/2012
2,02,0,0,0,0,0,3.091,0,0,0,0,0,39.201,22.501,0,42.863,0,0,25.3,25.161,0,34.389,22.968,0,8.026,0,0,2.997,38.007,0,0,0,0,0,0,19.6,6.32,0,-17.579,18.701,1.685,287.617,30/1/2012
3,03,0,0,0,0,0,3.135,0,0,0,0,0,38.701,21.401,0,41.786,0,0,25.3,25.662,0,33.85,22.836,0,7.698,0,0,2.54,38.307,0,0,0,0,0,0,19.4,6.46,0,-24.903,21.101,6.299,284.579,30/1/2012
4,04,0,0,0,0,0,3.091,0,0,0,0,0,37.001,21.501,0,47.067,0,0,25.3,25.745,0,30.705,22.836,0,15.012,0,0,3.006,37.827,0,0,0,0,0,0,19.5,6.46,0,-25.025,18.101,4.395,297.58,30/1/2012
5,05,0,0,0,0,0,3.018,0,0,0,0,0,37.101,22.501,0,46.759,0,0,25.3,25.829,0,33.558,24.816,18.403,18.499,0,0,2.786,38.857,0,0,0,0,0,0,19.5,6.46,0,-20.142,18.201,3.388,321.94,30/1/2012
6,06,0,0,0,0,0,3.157,0,0,0,0,0,35.101,21.801,0,47.221,0,0,25.4,25.801,0,34.232,23.76,9.434,8.354,0,0,2.927,37.728,0,0,0,0,0,0,19.2,6.4,42,-19.41,19.001,3.589,339.336,30/1/2012
7,07,0,0,0,0,0,3.171,0,0,0,0,0,38.801,22.501,0,46.862,0,0,24.4,25.718,0,32.614,25.476,12.551,14.288,0,0,2.865,39.387,0,0,0,0,0,0,19.4,6.46,47.2,-17.457,21.101,1.996,356.054,30/1/2012
8,08,0,0,0,0,0,3.076,0,0,22.823,0,0,39.401,22.601,0,46.452,0,0,25.3,25.69,0,34.119,22.704,17.241,20.467,17.377,0,2.804,38.187,0,0,0,0,0,0,19.3,6.3,47.2,-1.465,12.9,-3.406,403.013,30/1/2012
9,09,0,0,0,0,0,3.084,35.463,0,40.079,0,0,39.301,22.501,0,46.759,0,0,25.3,25.467,0,33.513,20.724,9.188,10.405,15.778,15.176,2.988,37.957,0,0,0,0,0,0,19.3,6,47.2,-2.93,9.5,-3.516,453.129,30/1/2012
10,10,0,0,0,0,0,0,34.844,0,39.69,0,0,39.001,22.401,0,50.348,0,0,25.5,25.634,0,32.974,25.08,16.708,16.913,17.555,17.432,2.83,37.608,0,0,0,0,0,0,19.3,5.8,47.2,-13.062,12.7,-.311,477.491,30/1/2012
11,11,0,0,0,0,0,0,35.463,0,40.024,0,0,33.901,22.301,3.296,50.986,16.724,0,25.7,25.662,0,31.896,20.724,18.963,17.801,19.415,19.346,2.997,37.277,0,0,0,0,0,0,19.4,5.8,47.2,-5.127,6.8,-3.204,496.407,30/1/2012
12,12,0,0,0,0,0,0,35.139,0,38.521,0,0,37.201,22.501,15.342,51.134,16.724,0,25.3,25.495,0,33.715,17.556,14.916,13.741,16.338,15.204,1.74,38.227,0,0,0,0,0,0,19.6,5.6,47.2,-5.615,10.8,0.385,485.624,30/1/2012
13,13,0,0,0,0,0,0,33.931,0,39.411,0,0,37.401,21.801,15.651,51.356,17.02,0,25.3,25.523,0,34.344,18.612,9.133,13.358,15.012,14.711,3.059,38.888,0,0,0,0,0,0,19,5.6,47.2,-1.221,10.5,-2.911,479.943,30/1/2012
14,14,0,0,0,0,0,0,34.697,0,38.075,0,0,38.801,22.101,20.85,51.356,16.946,0,25.2,25.718,0,33.108,19.668,13.248,12.004,14.971,15.614,2.848,38.667,0,0,0,0,0,0,19.3,5.7,47.2,-3.174,10.4,-4.303,493.149,30/1/2012
15,15,0,0,0,0,0,0,33.165,0,41.36,0,0,34.801,21.101,22.089,51.282,16.946,0,25.5,25.773,0,33.064,26.928,6.795,7.328,15.108,15.45,3.006,38.028,0,0,0,0,0,0,19.3,5.9,47.2,-21.241,16.701,3.388,491.276,30/1/2012
16,16,0,0,0,0,0,0,33.636,0,39.885,0,0,37.201,21.501,21.483,51.43,17.02,0,25.6,25.272,0,33.468,0,16.133,7.26,14.957,15.053,2.857,38.667,0,0,0,0,0,0,19.3,6.1,47.2,-13.306,14.1,-2.106,475.335,30/1/2012
17,17,0,0,0,0,0,0,35.639,0,41.638,0,0,31.201,18.601,9.232,50.912,16.798,0,25.6,25.328,0,34.748,7.128,11.58,7.014,15.299,0,2.83,38.397,0,0,0,0,0,0,19.5,6,47.2,0,6.5,-4.706,442.851,30/1/2012
18,18,0,0,0,0,0,0,37.26,0,43.141,0,0,35.101,22.601,0,51.06,16.872,0,25.7,25.328,0,32.637,22.176,20.59,20.987,18.745,0,2.953,39.007,0,0,0,0,0,0,19.6,6.3,47.3,-4.273,9.9,1.392,480.339,30/1/2012
19,19,0,0,0,0,0,0,36.906,0,42.584,0,0,39.301,22.601,44.674,51.208,16.872,0,25.6,25.328,0,31.626,28.248,12.592,7.766,16.926,15.655,2.953,38.198,0,0,0,0,0,0,19.6,6.4,47.3,-5.127,0.4,-8.203,545.268,30/1/2012
20,20,0,0,0,0,0,0,37.318,0,43.503,0,0,39.301,22.501,21.916,51.43,16.872,0,25.5,25.69,0,33.356,27.588,14.67,17.268,16.297,15.709,2.971,38.898,0,0,0,0,0,0,19.6,6.35,47.3,8.545,2.1,-7.508,520.901,30/1/2012
21,21,0,0,0,0,0,0,36.553,0,42.779,0,0,39.401,22.301,0,47.5,16.127,0,25.5,25.69,0,35.197,28.38,6.317,5.77,15.012,0,2.971,38.718,0,0,0,0,0,0,19.5,6.4,47.3,8.667,0.7,-9.705,461.754,30/1/2012
22,22,0,0,0,0,0,0,0,0,24.075,0,0,34.601,22.401,0,44.844,14.8,0,25.4,25.328,0,34.613,24.948,10.541,12.483,0,0,3.059,38.697,0,0,0,0,0,0,19.4,6.46,47.3,-22.462,15.2,-3.003,399.215,30/1/2012
23,23,0,0,0,0,0,0,0,0,0,0,0,38.901,22.701,0,49.95,0,0,25.5,25.328,0,34.164,24.024,12.209,8.655,0,0,2.575,38.797,0,0,0,0,0,0,19.3,6.38,47.3,-15.259,18.901,3.497,348.645,30/1/2012
0,00,0,0,0,0,0,0,0,0,0,0,0,37.401,22.401,0,49.802,0,0,25.5,25.773,0,34.366,25.872,9.598,9.844,0,0,3.05,38.638,0,0,0,0,0,0,19.6,6.4,26,-11.597,12.8,-.311,333.353,31/1/2012
1,01,0,0,0,0,0,0,0,0,0,0,0,35.701,22.501,0,50.912,16.65,0,25.5,25.634,0,34.771,24.948,10.213,11.266,0,0,1.978,38.227,0,0,0,0,0,0,19.7,6.46,0,1.587,8.4,-4.102,318.576,31/1/2012
2,02,0,0,0,0,0,0,0,0,0,0,0,39.401,22.501,0,50.468,16.502,0,25.6,25.773,0,33.917,26.004,7.561,6.33,0,0,3.006,38.147,0,0,0,0,0,0,20.4,6.5,0,0,10,-4.102,316.252,31/1/2012
3,03,0,0,0,0,0,0,0,0,0,0,0,39.201,22.401,0,44.4,14.652,0,25.4,25.718,0,35.377,26.796,7.082,7.041,0,0,2.909,38.118,0,0,0,0,0,0,20.3,6.38,0,9.766,3.8,-10.804,313.013,31/1/2012
4,04,0,0,0,0,0,0,0,0,0,0,0,37.701,22.601,0,44.844,14.874,0,25.5,25.857,0,33.176,25.344,10.651,10.733,0,0,2.927,38.527,0,0,0,0,0,0,20.5,6.13,0,2.441,3.7,-9.009,322.233,31/1/2012
5,05,0,0,0,0,0,0,0,0,0,0,0,36.901,22.401,0,50.69,16.65,0,25.5,25.829,0,31.469,27.984,6.987,7.998,0,0,3.006,39.188,0,0,0,0,0,0,20.6,6.23,26,2.075,7.3,-5.713,343.771,31/1/2012
6,06,0,0,0,0,0,0,0,0,0,0,0,38.101,21.901,0,51.06,16.724,0,25.6,25.606,0,33.737,29.304,7.287,7.533,0,0,3.006,38.607,0,0,0,0,0,0,20.2,6.4,47.1,15.992,3.2,-7.617,360.591,31/1/2012
7,07,0,0,0,0,0,0,0,0,0,0,0,39.201,22.601,0,50.468,16.576,0,25.5,25.69,0,34.344,28.38,12.483,11.471,0,0,3.103,38.168,0,0,0,0,0,0,19.7,6.33,47.1,13.184,2.8,-11.609,376.74,31/1/2012
8,08,0,0,0,0,0,0,0,0,40.274,0,0,39.001,20.701,0,44.992,14.874,0,25.4,25.857,0,33.108,24.024,15.682,11.471,17.022,0,2.944,38.427,0,0,0,0,0,0,19.7,6.23,47.1,8.301,-3.1,-6.116,427.722,31/1/2012
9,09,0,0,0,0,0,0,35.168,0,41.165,0,0,39.001,22.601,0,45.14,14.948,0,25.4,25.662,0,32.906,23.1,10.131,9.27,15.258,17.213,3.015,38.477,0,0,0,0,0,0,18.3,6.07,47.1,-2.808,16,-1.813,458.546,31/1/2012
10,10,0,0,0,0,0,0,35.315,0,41.332,0,0,38.201,22.401,19.435,51.06,16.872,0,25.4,26.219,0,29.672,22.704,7.615,7,16.612,15.258,2.918,38.137,0,0,0,0,0,0,20.1,6.06,47.1,16.114,5.3,-9.302,477.299,31/1/2012
11,11,0,0,0,0,0,0,35.256,0,41.443,0,0,35.401,22.601,30.888,44.4,14.578,0,25.1,25.801,0,17.453,22.836,11.02,25.307,16.284,14.93,3.059,38.237,0,0,0,0,0,0,19.9,5.8,47.1,0,9,-4.303,492.697,31/1/2012
12,12,0,0,0,0,0,0,35.286,0,40.859,0,0,30.701,20.701,30.993,50.912,16.872,0,25.8,25.857,0,15.97,23.496,8.231,8.819,18.827,19.551,3.05,38.598,0,0,0,0,0,0,19.7,5.76,47.1,0,1.7,-3.9,489.283,31/1/2012
13,13,0,0,0,0,0,0,35.139,0,41.081,0,0,33.701,20.401,22.539,50.69,16.502,0,25.6,25.745,0,16.577,21.78,8.627,9.981,16.489,18.211,3.182,38.678,0,0,0,0,0,0,19.7,5.67,47.1,-4.273,-.2,-6.317,488.183,31/1/2012
14,14,0,0,0,0,0,0,33.931,0,41.026,0,0,35.301,19.601,22.01,50.986,16.798,0,25.7,25.745,0,17.79,23.496,15.997,15.573,23.585,0,2.76,38.548,0,0,0,0,0,0,19.7,5.53,47.1,-3.784,-3.7,-11.518,500.179,31/1/2012
15,15,0,0,0,0,0,0,34.284,0,41.527,0,0,33.801,20.401,40.467,50.838,16.872,0,25.8,25.801,0,24.124,24.816,11.703,13.139,16.995,0,3.208,38.357,0,0,0,0,0,0,19.2,5.6,47.1,35.401,-4.4,-10.108,473.14,31/1/2012
16,16,0,0,0,0,0,0,37.024,0,41.443,0,0,36.001,19.201,40.476,50.32,16.65,0,25.7,26.163,0,24.483,21.912,17.09,17.405,0,0,2.505,38.808,0,0,0,0,0,0,19.6,5.76,47.1,-1.587,9.2,-3.809,483.837,31/1/2012
17,17,0,0,0,0,0,0,36.759,0,42.779,0,0,35.801,22.101,10.094,50.69,16.872,0,25.8,25.745,0,22.462,24.024,11.02,14.383,0,0,3.112,38.647,0,0,0,0,0,0,19.4,5.2,47.1,-3.174,3.4,-4.413,456.176,31/1/2012
18,18,0,0,0,0,0,0,36.7,0,43.002,0,0,39.201,22.501,31.318,50.69,16.798,0,25.8,25.439,0,31.828,22.176,7.561,7.069,16.065,0,2.936,38.718,0,0,0,0,0,0,19.5,6.07,47.3,-2.808,4.8,-7.013,495.693,31/1/2012
19,19,0,0,0,0,0,0,37.201,0,43.364,0,0,39.201,22.601,47.563,50.838,16.798,0,25.7,25.439,0,34.097,22.308,16.639,14.752,16.913,16.448,2.944,38.917,0,0,0,0,0,0,19.7,6.15,47.3,13.55,-2.8,-10.804,544.927,31/1/2012
20,20,0,0,0,0,0,0,36.936,0,43.252,0,0,38.601,22.501,22.919,50.69,16.65,0,25.5,25.439,0,31.02,24.552,19.456,17.172,14.26,16.243,2.9,38.267,0,0,0,0,0,0,19.6,6.2,47.3,1.343,3.5,-9.815,524.43,31/1/2012
21,21,0,0,0,0,0,0,36.818,0,42.835,0,0,37.001,22.401,0,51.06,16.65,0,25.5,25.439,0,32.839,27.324,19.715,21.548,0,0,3.068,38.548,0,0,0,0,0,0,19.5,6.3,47.3,1.709,16.201,-5.914,461.85,31/1/2012
22,22,0,0,0,0,0,0,0,0,43.113,0,0,33.201,20.401,0,51.134,16.576,0,25.5,25.439,0,31.132,26.796,14.862,7.807,0,0,3.085,38.468,0,0,0,0,0,0,19.6,6.4,47.3,2.93,6.7,-5.402,406.586,31/1/2012
23,23,0,0,0,0,0,0,0,0,0,0,0,39.001,20.501,0,49.506,0,0,25.4,25.439,0,33.064,26.4,10.131,14.629,0,0,3.085,37.988,0,0,0,0,0,0,19.5,6.4,47.1,-16.358,11.2,-2.307,365.609,31/1/2012
